POSTAL PATRON,PO BOX NO,LYONS  GA   30436,OPEN,OPEN,CITY CODE,LABEL STOP,SELECT CODE,WALK SEQ.,TAG
END PO SEC A,END PO A,,###,#####AA,LSA,,AA,2,x
,2,,,AB,LSA,,AB,,
,3,,,,LSA,,AB,,
,4,,,,LS1,X,AB,,
,5,,,,LS1,X,AB,,
,6,,,,LSA,,AB,,
,7,,,,LS1,X,AB,,
,8,,,,LSA,X,AB,7,x
,11,,,,LSA,X,AB,10,x
,12,,,,LSA,,AB,,
,13,,,,LSA,X,AB,,
,14,,,,LSA,X,AB,,
,21,,,,LS1,X,AB,,
,22,,,,lsb,X,AB,,
,23,,,,LSA,X,AB,,
,24,,,,LS1,X,AB,,
,25,,,,LSA,X,AB,,
,26,,,,LSA,X,AB,13,x
,27,,,,LSA,,AB,,
,28,,,,LSA,,AB,14,x
,31,,,,LS1,X,AB,,
,32,,,,LSA,,AB,15,X
,41,,,,LS1,X,AB,,
,42,,,,LSA,,AB,17,X
,43,,,,LSA,,AB,20,x
,,,,,,,,,
,,,,,,,,,
,46,,,,LSA,,AB,194,
,49,,,,LSA,,AB,30,X
,51,,,,LSA,,AB,35,X
,52,,,,LSA,,AB,188,
,53,,,,LSA,,AB,40,X
,54,,,,LSA,,AB,45,X
,55,,,,LSA,,AB,50,X
,48,,,,LSA,,AB,25,X
,62,,,,LSA,,AB,178,
,63,,,,LSA,,AB,55,X
,64,,,,LSA,,AB,60,X
,68,,,,LSA,,AB,70,X
,71,,,,LSA,,AB,170,
,81,,,,LSA,,AB,168,
,82,,,,LSA,,AB,166,
,1239,,,,LSF,,,1431,X
,84,,,,LSA,,AB,162,
,85,,,,LSA,,AB,85,X
,86,,,,LSA,,AB,90,X
,87,,,,LSA,,AB,95,X
,88,,,,LSA,,AB,154,
,89,,,,LSA,,AB,100,X
,91,,,,LSA,,AB,150,x
,92,,,,LSA,,AB,105,X
,93,,,,LSA,,AB,146,
,94,,,,LSA,,AB,144,
,95,,,,LSA,,AB,142,
,101,,,,LSA,,AB,108,X
,102,,,,LSA,,AB,110,X
,103,,,,LSA,,AB,115,X
,104,,,,LSA,,AB,120,X
,105,,,,LSA,,AB,125,X
,106,,,,LSA,,AB,130,
,107,,,,LSA,,AB,128,
,111,,,,LSA,,AB,135,X
,112,,,,LSA,,AB,124,
,121,,,,LSA,,AB,122,
,122,,,,LSA,,AB,140,X
,123,,,,LSA,,AB,145,X
,124,,,,LSA,,AB,150,X
,125,,,,LSA,,AB,155,X
,126,,,,LSA,,AB,112,
,128,,,,LSA,,AB,160,X
,131,,,,LSA,,AB,108,
,132,,,,LSA,,AB,106,
,133,,,,LSA,,AB,104,
,134,,,,LSA,,AB,165,X
,135,,,,LSA,,AB,170,X
,141,,,,LSA,,AB,175,X
,145,,,,LSA,,AB,180,X
,146,,,,LSA,,AB,185,X
,147,,,,LSA,,AB,190,X
,148,,,,LSA,,AB,90,
,149,,,,LSA,,AB,195,X
,161,,,,LSA,,AB,86,
,162,,,,LSA,,AB,84,
,163,,,,LSA,,AB,82,
,164,,,,LSA,,AB,80,
,165,,,,LSA,,AB,78,
,166,,,,LSA,,AB,205,X
,167,,,,LSA,,AB,210,X
,169,,,,LSA,,AB,215,X
,171,,,,LSA,,AB,220,X
,172,,,,LSA,,AB,68,
,173,,,,LSA,,AB,225,X
,174,,,,LSA,,AB,230,X
,175,,,,LSA,,AB,62,
,181,,,,LSA,,AB,60,
,182,,,,LSA,,AB,58,x
,183,,,,LSA,,AB,235,X
,184,,,,LSA,,AB,240,X
,185,,,,LSA,,AB,245,X
,186,,,,LSA,,AB,250,X
,188,,,,LSA,,AB,255,X
,189,,,,LSA,,AB,260,X
,191,,,,LSA,,AB,265,X
,201,,,,LSA,,AB,270,X
,202,,,,LSA,,AB,275,X
,203,,,,LSA,,AB,280,X
,206,,,,LSA,,AB,285,X
,207,,,,LSA,,AB,290,X
,209,,,,LSA,,AB,300,X
,211,,,,LSA,,AB,305,X
,213,,,,LSA,,AB,310,X
,214,,,,LSA,,AB,315,X
,215,,,,LSA,,AB,320,X
,221,,,,LSA,,AB,325,X
,222,,,,LSA,,AB,330,X
,223,,,,LSA,,AB,335,X
,224,,,,LSA,,AB,340,X
,225,,,,LSA,,AB,345,X
,226,,,,LSA,,AB,350,X
,228,,,,LSA,,AB,355,X
,231,,,,LSA,,AB,365,X
,END PO B,,,,LSB,,AC,377,X
,242,,,,LSB,,AD,380,X
,243,,,,LSB,,AD,385,X
,244,,,,LSB,,AD,390,X
,245,,,,LSB,,AD,268,
,246,,,,LSB,,AD,270,
,247,,,,LSB,,AD,395,X
,248,,,,LSB,,AD,400,X
,251,,,,LSB,,AD,405,X
,252,,,,LSB,,AD,278,
,253,,,,LSB,,AD,410,X
,255,,,,LSB,,AD,415,X
,261,,,,LSB,,AD,286,
,262,,,,LSB,,AD,288,
,263,,,,LSB,,AD,290,
,264,,,,LSB,,AD,420,X
,265,,,,LSB,,AD,425,X
,266,,,,LSB,,AD,430,X
,267,,,,LSB,,AD,435,X
,268,,,,LSB,,AD,440,X
,1129,,,,LSG,,,1507,X
,272,,,,LSB,,AD,304,
,END PO F,,,,LSF,,AK,1297,X
,284,,,,LSB,,AD,306,
,304,,,,LSB,,AD,485,X
,291,,,,LSB,,AD,310,
,292,,,,LSB,,AD,460,X
,293,,,,LSB,,AD,465,X
,294,,,,LSB,,AD,470,X
,295,,,,LSB,,AD,475,X
,301,,,,LSB,,AD,480,
,302,,,,LSB,,AD,322,
,306,,,,LSB,,AD,490,X
,307,,,,LSB,,AD,495,X
,308,,,,LSB,,AD,328,
,1223,,,,LSF,,AJ,1430,X
,321,,,,LSB,,AD,500,X
,322,,,,LSB,,AD,505,X
,323,,,,LSB,,AD,334,
,324,,,,LSB,,AD,336,
,325,,,,LSB,,AD,510,X
,331,,,,LSB,,AD,340,
,332,,,,LSB,,AD,515,X
,334,,,,LSB,,AD,520,X
,335,,,,LSB,,AD,346,
,341,,,,LSB,,AD,525,X
,342,,,,LSB,,AD,350,
,343,,,,LSB,,AD,352,
,346,,,,LSB,,AD,530,X
,347,,,,LSB,,AD,535,X
,348,,,,LSB,,AD,540,X
,352,,,,LSB,,AD,545,X
,361,,,,LSB,,AD,362,
,362,,,,LSB,,AD,364,
,363,,,,LSB,,AD,366,
,364,,,,LSB,,AD,550,X
,381,,,,LSB,,AD,370,
,382,,,,LSB,,AD,372,
,383,,,,LSB,,AD,555,X
,384,,,,LSB,,AD,560,X
,389,,,,LSB,,AD,580,X
,387,,,,LSB,,AD,570,X
,388,,,,LSB,,AD,575,X
,END PO C,,,,LSC,,AE,587,X
,402,,,,LSC,,AB,600,X
,403,,,,LSC,,AF,605,X
,404,,,,LSC,,AF,422,
,405,,,,LSC,,AF,610,X
,407,,,,LSC,,AF,615,X
,408,,,,LSC,,AF,620,X
,409,,,,LSC,,AF,625,X
,410,,,,LSC,,AF,428,
,A,,,,LSC,,AF,434,
,411,,,,LSC,,AF,436,
,412,,,,LSC,,AF,438,
,413,,,,LSC,,AF,440,
,414,,,,LSC,,AF,442,
,415,,,,LSC,,AF,444,
,421,,,,LSC,,AF,630,X
,422,,,,LSC,,AF,448,
,423,,,,LSC,,AF,450,
,424,,,,LSC,,AF,452,
,425,,,,LSC,,AF,635,X
,426,,,,LSC,,AF,640,X
,427,,,,LSC,,AF,458,
,428,,,,LSC,,AF,645,
,429,,,,LSC,,AF,462,
,431,,,,LSC,,AF,650,X
,432,,,,LSC,,AF,655,X
,433,,,,LSC,,AF,660,X
,434,,,,LSC,,AF,470,
,435,,,,LSC,,AF,472,
,436,,,,LSC,,AF,665,X
,437,,,,LSC,,AF,476,
,438,,,,LSC,,AF,478,
,439,,,,LSC,,AF,480,
,440,,,,LSC,,AF,670,X
,B,,,,LSC,,AF,590,X
,442,,,,LSC,,AF,675,X
,443,,,,LSC,,AF,680,X
,444,,,,LSC,,AF,685,X
,445,,,,LSC,,AF,690,X
,451,,,,LSC,,AF,695,X
,452,,,,LSC,,AF,496,
,453,,,,LSC,,AF,700,X
,455,,,,LSC,,AF,500,
,456,,,,LSC,,AF,705,X
,457,,,,LSC,,AF,710,X
,47,,,,LSA,,AF,22,X
,461,,,,LSC,,AF,725,
,462,,,,LSC,,AF,730,X
,463,,,,LSC,,AF,735,X
,464,,,,LSC,,AF,514,
,465,,,,LSC,,AF,740,X
,466,,,,LSC,,AF,518,
,467,,,,LSC,,AF,520,
,468,,,,LSC,,AF,745,X
,469,,,,LSC,,AF,524,
,470,,,,LSC,,AF,526,
,C,,,,LSC,,AF,530,
,472,,,,LSC,,AF,755,X
,473,,,,LSC,,AF,532,
,474,,,,LSC,,AF,534,
,475,,,,LSC,,AF,536,
,482,,,,LSC,,AF,538,
,483,,,,LSC,,AF,760,X
,484,,,,LSC,,AF,542,
,485,,,,LSC,,AF,544,
,486,,,,LSC,,AF,765,X
,488,,,,LSC,,AF,775,X
,489,,,,LSC,,AF,780,X
,491,,,,LSC,,AF,783,X
,492,,,,LSC,,AF,785,X
,493,,,,LSC,,AF,556,
,494,,,,LSC,,AF,558,
,495,,,,LSC,,AF,790,X
,496,,,,LSC,,AF,795,X
,497,,,,LSC,,AF,800,X
,498,,,,LSC,,AF,805,X
,499,,,,LSC,,AF,568,
,500,,,,LSC,,AF,570,
,D,,,,LSC,,AF,595,X
,501,,,,LSC,,AF,574,
,503,,,,LSC,,AF,576,
,504,,,,LSC,,AF,578,
,505,,,,LSC,,AF,815,X
,512,,,,LSC,,AF,582,
,513,,,,LSC,,AF,584,
,514,,,,LSC,,AF,820,X
,515,,,,LSC,,AF,825,X
,516,,,,LSC,,AF,590,
,518,,,,LSC,,AF,830,X
,519,,,,LSC,,AF,594,
,521,,,,LSC,,AF,835,X
,522,,,,LSC,,AF,598,
,523,,,,LSC,,AF,840,X
,524,,,,LSC,,AF,602,
,525,,,,LSC,,AF,604,
,526,,,,LSC,,AF,845,X
,527,,,,LSC,,AF,608,
,528,,,,LSC,,AF,850,X
,530,,,,LSC,,AF,612,
,531,,,,LSC,,AF,614,
,532,,,,LSC,,AF,855,X
,533,,,,LSC,,AF,860,X
,534,,,,LSC,,AF,620,
,535,,,,LSC,,AF,865,X
,541,,,,LSC,,AF,870,X
,542,,,,LSC,,AF,875,X
,543,,,,LSC,,AF,880,X
,545,,,,LSC,,AF,885,X
,546,,,,LSC,,AF,890,X
,549,,,,LSC,,AF,634,
,END PO D,,,,LSD,,AG,892,X
,602,,,,LSD,,AH,905,X
,601,,,,LSD,,AH,900,X
,604,,,,LSD,,AH,915,X
,605,,,,LSD,,AH,920,X
,611,,,,LSD,,AH,925,X
,615,,,,LSD,,AH,935,X
,614,,,,LSD,,AH,930,X
,621,,,,LSD,,AH,938,X
,622,,,,LSD,,AH,830,
,623,,,,LSD,,AH,940,X
,624,,,,LSD,,AH,945,X
,625,,,,LSD,,AH,950,X
,626,,,,LSD,,AH,955,X
,628,,,,LSD,,AH,810,
,629,,,,LSD,,AH,960,X
,631,,,,LSD,,AH,814,
,632,,,,LSD,,AH,970,X
,633,,,,LSD,,AH,820,
,634,,,,LSD,,AH,816,
,635,,,,LSD,,AH,975,X
,641,,,,LSD,,AH,806,
,642,,,,LSD,,AH,980,X
,643,,,,LSD,,AH,800,
,644,,,,LSD,,AH,808,
,645,,,,LSD,,AH,804,
,651,,,,LSD,,AH,985,
,652,,,,LSD,,AH,790,
,653,,,,LSD,,AH,786,
,654,,,,LSD,,AH,990,X
,655,,,,LSD,,AH,784,
,657,,,,LSD,,AH,1000,X
,658,,,,LSD,,AH,1005,X
,659,,,,LSD,,AH,796,
,660,,,,LSD,,AH,1010,X
,661,,,,LSD,,AH,1015,X
,662,,,,LSD,,AH,1020,X
,663,,,,LSD,,AH,772,
,664,,,,LSD,,AH,780,
,665,,,,LSD,,AH,1025,X
,666,,,,LSD,,AH,758,
,667,,,,LSD,,AH,766,
,668,,,,LSD,,AH,1030,X
,671,,,,LSD,,AH,1040,X
,672,,,,LSD,,AH,768,
,673,,,,LSD,,AH,764,
,674,,,,LSD,,AH,746,
,675,,,,LSD,,AH,1045,X
,681,,,,LSD,,AH,750,
,682,,,,LSD,,AH,748,
,683,,,,LSD,,AH,756,
,684,,,,LSD,,AH,1050,X
,685,,,,LSD,,AH,734,
,687,,,,LSD,,AH,742,
,688,,,,LSD,,AH,738,
,689,,,,LSD,,AH,1060,X
,691,,,,LSD,,AH,744,
,692,,,,LSD,,AH,1070,X
,693,,,,LSD,,AH,1075,X
,694,,,,LSD,,AH,1080,X
,695,,,,LSD,,AH,726,
,696,,,,LSD,,AH,1085,X
,697,,,,LSD,,AH,732,
,698,,,,LSD,,AH,1090,X
,699,,,,LSD,,AH,714,
,701,,,,LSD,,AH,1095,X
,702,,,,LSD,,AH,1100,X
,703,,,,LSD,,AH,1101,x
,704,,,,LSD,,AH,1105,X
,705,,,,LSD,,AH,710,
,711,,,,LSD,,AH,706,
,712,,,,LSD,,AH,704,
,713,,,,LSD,,AH,712,
,714,,,,LSD,,AH,708,
,715,,,,LSD,,AH,690,
,716,,,,LSD,,AH,1110,X
,,,,,,,,,
,718,,,,LSD,,AH,1120,X
,720,,,,LSD,,AH,1125,X
,END PO E,,,,LSE,,AI,1127,X
,801,,,,LSE,,AJ,1130,X
,803,,,,LSE,,AJ,1133,X
,804,,,,LSE,,AJ,1135,X
,805,,,,LSE,,AJ,1140,X
,806,,,,LSE,,AJ,918,
,808,,,,LSE,,AJ,916,
,811,,,,LSE,,AJ,1145,X
,812,,,,LSE,,AJ,1150,X
,814,,,,LSE,,AJ,910,
,815,,,,LSE,,AJ,1160,X
,816,,,,LSE,,AJ,1165,X
,817,,,,LSE,,AJ,1170,X
,818,,,,LSE,,AJ,924,
,819,,,,LSE,,AJ,932,
,821,,,,LSE,,AJ,928,
,822,,,,LSE,,AJ,1175,X
,823,,,,LSE,,AJ,934,
,824,,,,LSE,,AJ,942,
,825,,,,LSE,,AJ,938,
,826,,,,LSE,,AJ,940,
,827,,,,LSE,,AJ,936,
,828,,,,LSE,,AJ,900,
,831,,,,LSE,,AJ,896,
,832,,,,LSE,,AJ,898,
,833,,,,LSE,,AJ,1180,X
,834,,,,LSE,,AJ,1185,X
,835,,,,LSE,,AJ,1190,X
,836,,,,LS5,X,AJ,,
,837,,,,LSE,,AJ,1195,X
,838,,,,LSE,,AJ,884,
,839,,,,LSE,,AJ,880,
,841,,,,LSE,,AJ,1200,X
,842,,,,LSE,,AJ,1205,X
,843,,,,LSE,,AJ,876,
,844,,,,LSE,,AJ,1210,X
,845,,,,LSE,,AJ,874,
,851,,,,LSE,,AJ,870,
,852,,,,LSE,,AJ,868,
,853,,,,LSE,,AJ,866,
,854,,,,LSE,,AJ,1215,X
,855,,,,LSE,,AJ,860,
,861,,,,LSE,,AJ,862,
,862,,,,LSE,,AJ,1220,X
,863,,,,LSE,,AJ,856,
,864,,,,LSE,,AJ,1225,X
,866,,,,LSE,,AJ,1230,X
,868,,,,LSE,,AJ,1235,X
,869,,,,LSE,,AJ,970,
,870,,,,LSE,,AJ,1240,X
,871,,,,LSE,,AJ,968,
,872,,,,LSE,,AJ,1245,X
,873,,,,LSE,,AJ,1250,X
,874,,,,LSE,,AJ,1255,X
,875,,,,LSE,,AJ,962,
,881,,,,LSE,,AJ,1260,X
,882,,,,LSE,,AJ,956,
,883,,,,LSE,,AJ,1265,X
,884,,,,LSE,,AJ,1270,X
,885,,,,LSE,,AJ,1275,X
,891,,,,LSE,,AJ,1280,X
,892,,,,LSE,,AJ,1285,X
,893,,,,LSE,,AJ,946,
,1113,,,,LSF,,AJ,1320,
,1052,,,,LSF,,AJ,1300,X
,1081,,,,LSF,,AJ,1315,X
,1195,,,,LSF,,AJ,1395,X
,1074,,,,LSF,,AJ,1310,X
,1193,,,,LSF,,AJ,1390,X
,1068,,,,LSF,,AJ,1305,X
,1208,,,,LSF,,AJ,1410,X
,1,,,,LSA,,AB,5,x
,9,,,,LSA,,AB,10,X
,15,,,,LSA,,AB,256,
,29,,,,LSA,,AB,254,
,61,,,,LSA,,AF,206,
,65,,,,LSA,,AB,65,X
,66,,,,LSA,,AB,250,
,67,,,,LSA,,AB,248,
,68,,,,LSA,,AB,246,
,69,,,,LSA,,AB,75,X
,72,,,,LSA,,AB,242,
,108,,,,LSA,,AB,130,X
,109,,,,LSA,,AF,204,
,127,,,,LSA,,AB,236,
,129,,,,LSA,,AB,238,
,142,,,,LSA,,AB,234,
,143,,,,LSA,,AB,232,
,144,,,,LSA,,AB,230,
,151,,,,LSA,,AB,228,
,152,,,,LSA,,AB,200,X
,168,,,,LSA,,AB,224,
,192,,,,LSA,,AB,222,
,204,,,,LSA,,AB,220,
,205,,,,LSA,,AB,218,
,208,,,,LSA,,AB,295,X
,212,,,,LSA,,AB,214,
,227,,,,LSA,,AB,212,
,229,,,,LSA,,AB,360,X
,232,,,,LSA,,AB,370,X
,241,,,,LSB,,AD,384,
,249,,,,LSB,,AD,388,
,254,,,,LSB,,AD,390,
,281,,,,LSB,,AD,450,X
,282,,,,LSB,,AD,453,x
,283,,,,LSB,,AD,455,X
,285,,,,LSB,,AD,396,
,303,,,,LSB,,AD,398,
,305,,,,LSB,,AD,400,X
,309,,,,LSB,,AD,402,
,312,,,,LSB,,AD,404,
,344,,,,LSB,,AD,406,
,345,,,,LSB,,AD,408,
,349,,,,LSB,,AD,416,
,386,,,,LSB,,AD,565,X
,388,,,,LSB,,AD,412,
,392,,,,LSB,,AD,585,X
,401,,,,LSC,,AF,646,
,406,,,,LSC,,AF,648,X
,441,,,,LSC,,AF,642,
,454,,,,LSC,,AF,644,
,458,,,,LSC,,AF,715,X
,459,,,,LSC,,AF,720,X
,471,,,,LSC,,AF,750,X
,481,,,,LSC,,AF,652,
,487,,,,LSC,,AF,770,X
,502,,,,LSC,,AF,810,X
,511,,,,LSC,,AF,654,
,517,,,,LSC,,AF,828,x
,529,,,,LSC,,AF,662,
,544,,,,LSC,,AF,664,
,547,,,,LSC,,AF,660,
,510,,,,LSC,,AF,,
,520,,,,LSC,,AF,,
,540,,,,LSC,,AF,,
,550,,,,LSC,,AF,,
,560,,,,LSC,,AF,,
,603,,,,LSD,,AH,910,X
,612,,,,LSD,,AH,682,
,613,,,,LSD,,AH,686,
,627,,,,LSD,,AH,684,
,630,,,,LSD,,AH,965,
,656,,,,LSD,,AH,995,X
,669,,,,LSD,,AH,1035,X
,690,,,,LSD,,AH,1065,X
,686,,,,LSD,,AH,1055,X
,719,,,,LSD,,AH,1123,X
,802,,,,LSE,,AJ,998,
,807,,,,LSE,,AJ,994,
,813,,,,LSE,,AJ,1155,X
,865,,,,LSE,,AJ,992,
,867,,,,LSE,,AJ,988,
,894,,,,LSE,,AJ,1290,X
,895,,,,LSE,,AJ,984,
,896,,,,LSE,,AJ,986,
,897,,,,LSE,,AJ,982,
,898,,,,LSE,,AJ,980,
,899,,,,LSE,,AJ,1295,X
,900,,,,LSE,,AJ,978,
,1001,,,,LSG,,AL,1356,
,536,,,,LSG,,AL,1352,
,1003,,,,LSG,,AL,1348,
,1004,,,,LSG,,AL,1435,X
,1005,,,,LSG,,AL,1354,
,1006,,,,LSG,,AL,1350,
,1007,,,,LSG,,AL,1346,
,1008,,,,LSG,,AL,1342,
,1009,,,,LSG,,AL,1340,
,1010,,,,LSG,,AL,1338,
,1011,,,,LSG,,AL,1440,X
,1012,,,,LSG,,AL,1438,X
,1013,,,,LSG,,AL,1332,
,1014,,,,LSG,,AL,1330,
,1021,,,,LSG,,AL,1445,X
,1022,,,,LSG,,AL,1326,
,1023,,,,LSG,,AL,1322,
,1024,,,,LSG,,AL,1324,
,1025,,,,LSG,,AL,1450,X
,1026,,,,LSG,,AL,1318,
,1027,,,,LSG,,AL,1314,
,1028,,,,LSG,,AL,1455,X
,1031,,,,LSG,,AL,1312,
,1032,,,,LSG,,AL,1310,
,1033,,,,LSG,,AL,1306,
,1034,,,,LSG,,AL,1308,
,1035,,,,LSG,,AL,1304,
,1036,,,,LSG,,AL,1302,
,1037,,,,LSG,,AL,1298,
,1038,,,,LSG,,AL,1300,
,1039,,,,LSG,,AL,1296,
,1040,,,,LSG,,AL,1294,
,1041,,,,LSG,,AL,1290,
,1042,,,,LSG,,AL,1292,
,1043,,,,LSG,,AL,1288,
,1044,,,,LSG,,AL,1460,X
,1051,,,,LSG,,AL,1465,X
,1053,,,,LSG,,AL,1282,
,1054,,,,LSG,,AL,1470,X
,1055,,,,LSG,,AL,1278,
,1056,,,,LSG,,AL,1270,
,1057,,,,LSG,,AL,1274,
,1058,,,,LSG,,AL,1276,
,1061,,,,LSG,,AL,1268,
,1062,,,,LSG,,AL,1272,
,1063,,,,LSG,,AL,1475,
,1064,,,,LSG,,AL,1480,X
,1065,,,,LSG,,AL,1264,
,1066,,,,LSG,,AL,1485,X
,1067,,,,LSG,,AL,1258,
,1069,,,,LSG,,AL,1254,
,1070,,,,LSG,,AL,1250,
,1071,,,,LSG,,AL,1256,
,1072,,,,LSG,,AL,1252,
,1073,,,,LSG,,AL,1248,
,1082,,,,LSG,,AL,1224,
,1083,,,,LSG,,AL,1240,
,1084,,,,LSG,,AL,1490,X
,1085,,,,LSG,,AL,1242,
,1086,,,,LSG,,AL,1238,
,1087,,,,LSG,,AL,1234,X
,1088,,,,LSG,,AL,1236,
,1091,,,,LSG,,AL,1232,
,1092,,,,LSG,,AL,1495,X
,1093,,,,LSG,,AL,1226,
,1094,,,,LSG,,AL,1228,
,1095,,,,LSG,,AL,1224,
,1096,,,,LSF,,AL,1222,
,1097,,,,LSG,,AL,1218,
,1098,,,,LSG,,AL,1220,
,1101,,,,LSG,,AL,1216,
,1102,,,,LSG,,AL,1214,
,1103,,,,LSG,,AL,1210,
,1104,,,,LSG,,AL,1505,X
,1099,,,,LSG,,AL,1500,X
,1100,,,,LSG,,AL,1206,
,1111,,,,LSG,,AL,1202,
,1112,,,,LSG,,AL,1204,
,1114,,,,LSG,,AL,1196,X
,1115,,,,LSG,,AL,1198,
,1116,,,,LSG,,AL,1506,x
,1117,,,,LSG,,AL,1194,
,1118,,,,LSG,,AL,1192,
,1121,,,,LSF,,AN,1184,
,1122,,,,LSF,,AN,1186,
,1123,,,,LSF,,AN,1188,
,1124,,,,LSF,,AN,1325,X
,1125,,,,LSF,,AN,1330,X
,1126,,,,LSF,,AN,1178,
,1127,,,,LSF,,AN,1182,
,1128,,,,LSF,,AN,1335,X
,1129,,,,LSF,,AN,1172,
,1130,,,,LSF,,AN,1340,X
,1131,,,,LSF,,AN,1174,
,1132,,,,LSF,,AN,1160,
,1133,,,,LSF,,AN,1164,
,1134,,,,LSF,,AN,1162,
,1141,,,,LSF,,AN,1166,
,1142,,,,LSF,,AN,1345,X
,1143,,,,LSF,,AN,1156,
,1144,,,,LSF,,AN,1154,
,1145,,,,LSF,,AN,1158,
,1146,,,,LSF,,AN,1144,
,1147,,,,LSF,,AN,1350,X
,1148,,,,LSF,,AN,1355,X
,1151,,,,LSF,,AN,1150,
,1152,,,,LSF,,AN,1136,
,1153,,,,LSF,,AN,1140,
,1154,,,,LSF,,AN,1360,X
,1155,,,,LSF,,AN,1142,
,1156,,,,LSF,,AN,1128,
,1157,,,,LSF,,AN,1132,
,1158,,,,LSF,,AN,1130,
,1159,,,,LSF,,AN,1134,
,1160,,,,LSF,,AN,1365,X
,1171,,,,LSF,,AN,1124,
,1161,,,,LSF,,AN,1122,
,1162,,,,LSF,,AN,1370,X
,1163,,,,LSF,,AN,1112,
,1164,,,,LSF,,AN,1116,
,1172,,,,LSF,,AN,1114,
,1173,,,,LSF,,AN,1118,
,1174,,,,LSF,,AN,1104,
,1175,,,,LSF,,AN,1375,X
,1176,,,,LSF,,AN,1378,
,1177,,,,LSF,,AN,1110,
,1178,,,,LSF,,AN,1096,
,1181,,,,LSF,,AN,1100,
,1182,,,,LSF,,AN,1098,
,1183,,,,LSF,,AN,1102,
,1184,,,,LSF,,AN,1088,
,1185,,,,LSF,,AN,1092,
,1186,,,,LSF,,AN,1380,X
,1187,,,,LSF,,AN,1094,
,1188,,,,LSF,,AN,1080,
,1189,,,,LSF,,AN,1084,
,1190,,,,LSF,,AN,1082,
,1191,,,,LSF,,AN,1086,
,1192,,,,LSF,,AN,1385,X
,1194,,,,LSF,,AN,1076,
,1196,,,,LSF,,AN,1074,
,1197,,,,LSF,,AN,1400,X
,1198,,,,LSF,,AN,1064,
,1201,,,,LSF,,AN,1405,X
,1202,,,,LSF,,AN,1066,
,1203,,,,LSF,,AN,1070,
,1204,,,,LSF,,AN,1056,
,1211,,,,LSF,,AN,1060,
,1212,,,,LSF,,AN,1058,
,1213,,,,LSF,,AN,1415,X
,1214,,,,LSF,,AN,1418,X
,1215,,,,LSF,,AN,1052,
,1216,,,,LSF,,AN,1050,
,1217,,,,LSF,,AN,1054,
,1218,,,,LSF,,AN,1420,X
,1221,,,,LSF,,AN,1425,X
,1219,,,,LSF,,AN,1046,
,1220,,,,LSF,,AN,1036,
,1222,,,,LSF,,AN,1426,x
,1224,,,,LSF,,AN,1038,
,1225,,,,LSF,,AN,1032,
,1226,,,,LSF,,AN,1034,
,1227,,,,LSF,,AN,1026,
,1228,,,,LSF,,AN,1030,
,1231,,,,LSF,,AN,1028,
,1232,,,,LSF,,AN,1024,
,1233,,,,LSF,,AN,1020,
,1234,,,,LSF,,AN,1022,
,1301,,,,LSI,,AP,1366,
,1302,,,,LSI,,AP,1362,
,1303,,,,LSI,,AP,1364,
,1304,,,,LSH,,AP,1374,
,1305,,,,LSH,,AP,1370,
,1306,,,,LSH,,AP,1372,
,1307,,,,LSH,,AP,1376,
,1308,,,,LSH,,AP,1378,
,1309,,,,LSH,,AP,1380,
,1310,,,,LSH,,AP,1382,
,1311,,,,LSH,,AP,1386,
,1312,,,,LSH,,AP,1384,
,1313,,,,LSH,,AP,1388,
,1314,,,,LSH,,AP,1394,
,1315,,,,LSH,,AP,1390,
,1321,,,,LSH,,AP,1398,
,1322,,,,LSH,,AP,1396,
,1323,,,,LSH,,AP,1392,
,1324,,,,LSH,,AP,1400,
,1325,,,,LSH,,AP,1402,
,1326,,,,LSH,,AP,1404,
,1327,,,,LSH,,AP,1408,
,1328,,,,LSH,,AP,,
,1329,,,,LSH,,AP,1410,
,1331,,,,LSH,,AP,1510,x
,1332,,,,LSH,,AP,1426,
,1333,,,,LSH,,AP,1434,
,1334,,,,LSH,,AP,1416,
,1335,,,,LSH,,AP,1424,
,1336,,,,LSH,,AP,1432,
,1337,,,,LSH,,AP,1414,
,1338,,,,LSH,,AP,1422,
,1339,,,,LSH,,AP,1430,
,1340,,,,LSH,,AP,1511,X
,1341,,,,LSH,,AP,1420,
,1342,,,,LSH,,AP,1428,
,1343,,,,LSH,,AP,1515,X
,1344,,,,LSH,,AP,1442,
,1345,,,,LSH,,AP,1438,
,1351,,,,LSH,,AP,1444,
,1352,,,,LSH,,AP,1440,
,1353,,,,LSH,,AP,1446,
,1354,,,,LSH,,AP,1448,
,1356,,,,LSH,,AP,1450,
,1357,,,,LSH,,AP,1454,
,1358,,,,LSH,,AP,1456,
,1359,,,,LSH,,AP,1458,
,1361,,,,LSH,,AP,1452,
,1362,,,,LSH,,AP,1520,X
,1363,,,,LSH,,AP,1538,
,1364,,,,LSH,,AP,1540,
,1365,,,,LSH,,AP,1544,
,1366,,,,LSH,,AP,1542,
,1367,,,,LSH,,AP,1546,
,1368,,,,LSH,,AP,1466,
,1369,,,,LSH,,AP,1462,
,1370,,,,LSH,,AP,1464,
,1371,,,,LSH,,AP,1460,
,1372,,,,LSH,,AP,1474,
,1373,,,,LSH,,AP,1470,
,1374,,,,LSH,,AP,1472,
,1375,,,,LSH,,AP,1468,
,1381,,,,LSH,,AP,1486,
,1382,,,,LSH,,AP,1482,
,1383,,,,LSH,,AP,1525,X
,1384,,,,LSH,,AP,1484,
,1385,,,,LSH,,AP,1480,
,1386,,,,LSH,,AP,1476,
,1387,,,,LSH,,AP,1488,
,1388,,,,LSH,,AP,1492,
,1389,,,,LSH,,AP,1490,
,1391,,,,LSH,,AP,1502,
,1392,,,,LSH,,AP,1494,
,1393,,,,LSH,,AP,1530,X
,1394,,,,LSH,,AP,1504,
,1395,,,,LSH,,AP,1535,X
,1396,,,,LSH,,AP,1500,
,1397,,,,LSH,,AP,1506,
,1398,,,,LSH,,AP,1510,
,1399,,,,LSH,,AP,1508,
,1400,,,,LSH,,AP,1512,
,1401,,,,LSH,,AP,1514,
,1402,,,,LSH,,AP,1516,
,1403,,,,LSH,,AP,1518,
,1404,,,,LSH,,AP,1520,
,1405,,,,LSH,,AP,1526,
,1411,,,,LSH,,AP,1522,
,1412,,,,LSH,,AP,1528,
,1413,,,,LSH,,AP,1524,
,1414,,,,LSH,,AP,1530,
,1415,,,,LSH,,AP,1532,X
,1416,,,,LSH,,AP,1534,
,1417,,,,LSH,,AP,1552,
,1418,,,,LSH,,AP,1550,
,1419,,,,LSH,,AP,1548,
,1421,,,,LSI,,AR,1742,
,1422,,,,LSI,,AR,1746,
,1423,,,,LSI,,AR,1744,
,1424,,,,LSH,,AR,1537,x
,1425,,,,LSH,,AR,1538,X
,1426,,,,LSH,,AR,1732,
,1427,,,,LSH,,AR,1728,
,1428,,,,LSH,,AR,1736,
,1429,,,,LSH,,AR,1726,
,1430,,,,LSH,,AR,1734,
,1431,,,,LSH,,AR,1730,
,1432,,,,LSH,,AR,1540,X
,1433,,,,LSH,,AR,1606,
,1434,,,,LSH,,AR,1614,
,1435,,,,LSH,,AR,1610,
,1441,,,,LSH,,AR,1618,
,1442,,,,LSH,,AR,1608,
,1443,,,,LSH,,AR,1616,
,1444,,,,LSH,,AR,1545,X
,1445,,,,LSH,,AR,1550,X
,1446,,,,LSH,,AR,1555,x
,1447,,,,LSH,,AR,1592,
,1448,,,,LSH,,AR,1560,x
,1449,,,,LSH,,AR,1596,
,1451,,,,LSH,,AR,1565,X
,1452,,,,LSH,,AR,1600,
,1453,,,,LSH,,AR,1604,
,1454,,,,LSH,,AR,1582,
,1455,,,,LSH,,AR,1594,
,1456,,,,LSH,,AR,1586,
,1457,,,,LSH,,AR,1598,
,1458,,,,LSH,,AR,1590,
,1459,,,,LSH,,AR,1602,
,1460,,,,LSH,,AR,1574,
,1461,,,,LSH,,AR,1578,
,1462,,,,LSH,,AR,1576,
,1463,,,,LSH,,AR,1566,
,1464,,,,LSH,,AR,1570,
,1465,,,,LSH,,AR,1570,X
,1471,,,,LSH,,AR,1572,
,1472,,,,LSH,,AR,1556,
,1473,,,,LSH,,AR,1560,
,1474,,,,LSH,,AR,1575,X
,1475,,,,LSH,,AR,1562,
,1476,,,,LSH,,AR,1564,X
,1477,,,,LSH,,AR,1622,
,1478,,,,LSH,,AR,1626,
,1479,,,,LSH,,AR,1624,
,1481,,,,LSH,,AR,1580,x
,1482,,,,LSH,,AR,1630,
,1483,,,,LSH,,AR,1632,
,1484,,,,LSH,,AR,1636,
,1485,,,,LSH,,AR,1634,
,1486,,,,LSH,,AR,1638,
,1487,,,,LSH,,AR,1642,
,1488,,,,LSH,,AR,1640,
,1489,,,,LSH,,AR,1644,
,1490,,,,LSH,,AR,1650,
,1491,,,,LSH,,AR,1581,x
,1492,,,,LSH,,AR,1654,
,1493,,,,LSH,,AR,1652,
,1494,,,,LSH,,AR,1648,
,1495,,,,LSH,,AR,1656,
,1501,,,,LSH,,AR,1658,
,1502,,,,LSH,,AR,1668,
,1503,,,,LSH,,AR,1664,
,1504,,,,LSH,,AR,1660,
,1505,,,,LSH,,AR,1582,X
,1506,,,,LSH,,AR,1666,
,1507,,,,LSH,,AR,1662,
,1508,,,,LSH,,AR,1672,
,1509,,,,LSH,,AR,1674,
,1511,,,,LSH,,AR,1678,
,1512,,,,LSH,,AR,1682,
,1513,,,,LSH,,AR,1676,
,1514,,,,LSH,,AR,1680,
,1515,,,,LSH,,AR,1684,
,1516,,,,LSH,,AR,1694,
,1517,,,,LSH,,AR,1686,
,1518,,,,LSH,,AR,1690,
,1519,,,,LSH,,AR,1696,
,1520,,,,LSH,,AR,1688,
,1521,,,,LSH,,AR,1692,
,1522,,,,LSH,,AR,1702,
,1523,,,,LSH,,AR,1698,
,1524,,,,LSH,,AR,1585,X
,1525,,,,LSH,,AR,1704,
,1531,,,,LSH,,AR,1700,
,1532,,,,LSH,,AR,1708,
,1533,,,,LSH,,AR,1722,
,1534,,,,LSH,,AR,1710,
,1535,,,,LSH,,AR,1712,
,1536,,,,LSH,,AR,1714,
,1537,,,,LSH,,AR,1718,
,1538,,,,LSH,,AR,1716,
,1539,,,,LSH,,AR,1720,
,END PO G,,,,LSG,,AM,1432,X
,END PO H,,,,LSH,,AO,1508,X
,END PO I,,,,LSI,,AQ,1587,X
,1313,,,,LSH,,,1509,x
,1,,,,LS1,X,AF,,
,207,,,,LS1,X,,,
