OPEN,PO BOX NO,OPEN,OPEN,OPEN,CITY CODE,LABEL STOP,OPEN,SORT CODE,TAG
,1,,,,VSA,,AB,4,
,3,,,,VSA,,AB,8,
,4,,,,VSA,,AB,10,x
,5,,,,VSA,,AB,12,
,7,,,,VSA,,AB,16,
,8,,,,VSA,,AB,18,
,9,,,,VSA,,AB,20,
,12,,,,VSA,,AB,26,x
,14,,,,VSA,,AB,30,x
,15,,,,VSA,,AB,32,
,21,,,,VSA,,AB,34,
,22,,,,VSA,,AB,36,
,23,,,,VSA,,AB,38,
,753,,,,VSH,,AP,1076,
,27,,,,VSA,,AB,46,x
,28,,,,VSA,,AB,48,x
,29,,,,VSA,,AB,50,x
,31,,,,VSA,,AB,54,
,1517,,,,VSN,,,2115,
,33,,,,VSA,,AB,60,
,34,,,,VSA,,AB,62,
,36,,,,VSA,,AB,66,
,37,,,,VSA,,AB,68,
,38,,,,VSA,,AB,70,
,24,,,,VSA,,AB,40,x
,41,,,,VSA,,AB,76,x
,42,,,,VSA,,AB,78,
,43,,,,VSA,,AB,80,
,40,,,,VSA,,AB,74,x
,51,,,,VSA,,AB,86,
,52,,,,VSA,,AB,88,
,54,,,,VSA,,AB,92,
,55,,,,VSA,,AB,94,x
,57,,,,VSA,,AB,98,
,1132,,,,VSL,,AX,1640,X
,59,,,,VSA,,AB,102,
,60 (B),,,,VSA,,AB,104,
,61,,,,VSA,,AB,106,
,62,,,,VSA,,AB,108,
,63,,,,VSA,,AB,110,x
,64,,,,VSA,,AB,112,
,65,,,,VSA,,AB,114,
,66,,,,VSA,,AB,116,
,2395,,,,VST,,,2995,x
,69,,,,VSA,,AB,122,
,71,,,,VSA,,AB,126,
,73,,,,VSA,,AB,130,
,74,,,,VSA,,AB,132,
,75,,,,VSA,,AB,134,
,82,,,,VSA,,AB,138,x
,83,,,,VSA,,AB,140,x
,84,,,,VSA,,AB,142,
,85,,,,VSA,,AB,144,x
,86,,,,VSA,,AB,146,
,87,,,,VSA,,AB,148,
,91,,,,VSA,,AB,156,
,92,,,,VSA,,AB,158,x
,94,,,,VSA,,AB,162,
,95,,,,VSA,,AB,164,x
,97,,,,VSA,,AB,168,
,98,,,,VSA,,AB,170,
,99,,,,VSA,,AB,172,
,101,,,,VSA,,AB,176,
,102,,,,VSA,,AB,178,
,104,,,,VSA,,AB,182,x
,105,,,,VSA,,AB,184,x
,111,,,,VSA,,AB,186,
,112,,,,VSA,,AB,188,
,113,,,,VSA,,AB,190,x
,114,,,,VSA,,AB,192,x
,118,,,,VSA,,AB,198,x
,119,,,,VSA,,AB,200,X
,120 (D),,,,VSA,,AB,202,
,121,,,,vsb,,AD,,
,122,,,,VSB,,AD,210,x
,125,,,,VSB,,AD,216,
,126,,,,VSB,,AD,218,
,128,,,,VSB,,AD,222,
,129,,,,VSB,,AD,224,
,2864,,,,VST,,,3000,X
,131,,,,VSB,,AD,228,x
,132,,,,VSB,,AD,230,
,133,,,,VSB,,AD,232,x
,135,,,,VSB,,AD,236,
,143,,,,VSB,,AD,242,
,144,,,,VSB,,AD,244,X
,145,,,,VSB,,AD,87,
,2402,,,,VST,,,2296,X
,147,,,,VSB,,AD,250,X
,2392,,,,VST,,,2994,X
,149,,,,VSB,,AD,254,X
,151,,,,VSB,,AD,258,
,152,,,,VSB,,AD,260,
,153,,,,VSB,,AD,262,
,154,,,,VSB,,AD,264,
,155,,,,VSB,,AD,266,
,156,,,,VSB,,AD,268,
,158,,,,VSB,,AD,272,X
,159,,,,VSB,,AD,274,
,161,,,,VSB,,AD,278,
,162,,,,VSB,,AD,280,
,163,,,,VSB,,AD,282,X
,164,,,,VSB,,AD,284,X
,171,,,,VSB,,AD,288,
,173,,,,VSB,,AD,290,X
,810,,,,VSI,,AR,1170,X
,175,,,,VSB,,AD,294,
,179,,,,VSB,,AD,304,X
,181,,,,VSB,,AD,308,
,184,,,,VSB,,AD,314,
,2195,,,,VST,,,2970,x
,189,,,,VSB,,AD,324,X
,192,,,,VSB,,AD,328,
,195,,,,VSB,,AD,330,X
,201,,,,VSB,,AD,332,X
,203,,,,VSB,,AD,336,
,206,,,,VSB,,AD,342,
,207,,,,VSB,,AD,344,X
,208,,,,VSB,,AD,346,
,209,,,,VSB,,AD,348,
,211,,,,VSB,,AD,352,X
,213,,,,VSB,,AD,356,X
,215,,,,VSB,,AD,360,X
,216,,,,VSB,,AD,362,X
,217,,,,VSB,,AD,364,X
,221,,,,VSB,,AD,372,
,222,,,,VSB,,AD,374,
,223,,,,VSB,,AD,376,
,224,,,,VSB,,AD,378,X
,231,,,,VSB,,AD,382,
,232,,,,VSB,,AD,384,X
,233,,,,VSB,,AD,386,
,234,,,,VSB,,AD,388,
,235,,,,VSB,,AD,390,X
,236,,,,VSB,,AD,392,X
,238,,,,VSB,,AD,396,X
,239,,,,VSB,,AD,398,
,240 (H),,,,VSB,,AF,400,X
,243,,,,VSC,,AF,408,
,244,,,,VSC,,AF,410,
,596,,,,,,,,
,249,,,,VSC,,AF,420,
,251,,,,VSC,,AF,424,X
,252,,,,VSC,,AF,426,X
,255,,,,VSC,,AF,432,
,261,,,,VSC,,AF,434,
,262,,,,VSC,,AF,436,X
,264,,,,VSC,,AF,438,X
,265,,,,VSC,,AF,440,X
,268,,,,VSC,,AF,446,X
,269,,,,VSC,,AF,448,X
,270 (I),,,,VSC,,AF,450,X
,271,,,,VSC,,AF,452,
,272,,,,VSC,,AF,454,
,273,,,,VSC,,AF,456,
,274,,,,VSC,,AF,458,X
,276,,,,VSC,,AF,462,X
,277,,,,VSC,,AF,464,X
,279,,,,VSC,,AF,468,
,281,,,,VSC,,AF,472,
,282,,,,VSC,,AF,474,
,283,,,,VSC,,AF,476,
,285,,,,VSC,,AF,480,X
,292,,,,VSC,,AF,484,X
,291,,,,VSC,,AF,482,x
,295,,,,VSC,,AF,490,
,296,,,,VSC,,AF,492,
,297,,,,VSC,,AF,494,
,298,,,,VSC,,AF,496,
,299,,,,VSC,,AF,498,X
,1420,,,,VSN,,AF,1924,x
,302,,,,VSC,,AF,504,X
,303,,,,VSC,,AF,506,X
,304,,,,VSC,,AF,508,X
,305,,,,VSC,,AF,510,X
,306,,,,VSC,,AF,512,x
,309,,,,VSC,,AF,518,X
,311,,,,VSC,,AF,522,X
,313,,,,VSC,,AF,526,X
,312,,,,VSC,,AF,524,X
,315,,,,VSC,,AF,530,X
,321,,,,VSC,,AF,532,X
,322,,,,VSC,,AF,534,X
,323,,,,VSC,,AF,536,
,324,,,,VSC,,AF,538,X
,325,,,,VSC,,AF,540,
,330 (K),,,,VSC,,AF,550,X
,331,,,,VSC,,AF,552,
,332,,,,VSC,,AF,554,X
,333,,,,VSC,,AF,556,X
,334,,,,VSC,,AF,558,X
,338,,,,VSC,,AF,566,
,339,,,,VSC,,AF,568,X
,340,,,,VSC,,AF,570,X
,343,,,,VSC,,AF,576,x
,344,,,,VSC,,AF,578,
,345,,,,VSC,,AF,580,
,352,,,,VSC,,AF,584,
,353,,,,VSC,,AF,586,X
,354,,,,VSC,,AF,588,X
,355,,,,VSC,,AF,590,
,356,,,,VSC,,AF,592,X
,357,,,,VSC,,AF,594,
,358,,,,VSC,,AF,596,X
,359,,,,VSC,,AF,598,
,360 (L),,,,VSC,,AF,600,
,362,,,,VSD,,AH,606,x
,363,,,,VSD,,AH,608,x
,364,,,,VSD,,AH,610,x
,365,,,,VSD,,AH,612,
,372,,,,VSD,,AH,622,x
,381,,,,VSD,,AH,624,x
,383,,,,VSD,,AH,628,x
,384,,,,VSD,,AH,630,x
,385,,,,VSD,,AH,632,x
,386,,,,VSD,,AH,634,
,391,,,,VSD,,AH,638,x
,406,,,,VSD,,AH,652,x
,402,,,,VSD,,AH,644,x
,403,,,,VSD,,AH,646,
,405,,,,VSD,,AH,650,
,407,,,,VSD,,AH,654,X
,411,,,,VSD,,AH,658,X
,412,,,,VSD,,AH,660,X
,421,,,,VSD,,AH,662,
,422,,,,VSD,,AH,664,X
,423,,,,VSD,,AH,666,
,424,,,,VSD,,AH,,
,426,,,,VSD,,AH,672,X
,427,,,,VSD,,AH,674,X
,441,,,,VSE,,AJ,682,X
,442,,,,VSE,,AJ,684,
,444,,,,VSE,,AJ,688,X
,445,,,,VSE,,AJ,690,X
,446,,,,VSE,,AJ,692,
,447,,,,VSE,,AJ,694,X
,448,,,,VSE,,AJ,696,
,451,,,,VSE,,AJ,700,X
,452,,,,VSE,,AJ,702,
,463,,,,VSE,,AJ,708,
,464,,,,VSE,,AJ,710,X
,468,,,,VSE,,AJ,718,
,552,,,,VSF,,AL,806,X
,483,,,,VSE,,AJ,726,X
,487,,,,VSE,,AJ,734,X
,480,,,,VSE,,,723,x
,489,,,,VSE,,AJ,738,X
,491,,,,VSE,,AJ,740,x
,501,,,,VSE,,AJ,744,
,502,,,,VSE,,AJ,746,X
,504,,,,VSE,,AJ,750,
,2725,,,,VST,,,2997,
,511,,,,VSE,,AJ,760,
,512,,,,VSE,,AJ,762,X
,521,,,,VSF,,AL,766,X
,523,,,,VSF,,AL,770,
,524,,,,VSF,,AL,772,
,527,,,,VSF,,AL,778,X
,528,,,,VSF,,AL,780,X
,531,,,,VSF,,AL,784,X
,532,,,,VSF,,AL,786,
,541,,,,VSF,,AL,788,
,544,,,,VSF,,AL,794,
,548,,,,VSF,,AL,802,X
,551,,,,VSF,,AL,804,X
,561,,,,VSF,,AL,808,X
,562,,,,VSF,,AL,810,
,567,,,,VSF,,AL,820,X
,571,,,,VSF,,AL,826,
,582,,,,VSF,,AL,832,X
,585,,,,VSF,,AL,838,X
,586,,,,VSF,,AL,840,
,587,,,,VSF,,AL,842,X
,603,,,,VSG,,AN,856,X
,602,,,,VSG,,AN,854,
,608,,,,VSG,,AN,866,
,611,,,,VSG,,AN,870,X
,612,,,,VSG,,AN,872,X
,150 (E),,,,VSB,,AD,256,X
,622,,,,VSG,,AN,880,X
,621,,,,VSG,,AN,878,X
,624,,,,VSG,,AN,884,
,625,,,,VSG,,AN,886,
,626,,,,VSG,,AN,888,X
,627,,,,VSG,,AN,890,
,629,,,,VSG,,AN,894,
,633,,,,VSG,,AN,900,X
,634,,,,VSG,,AN,902,X
,641,,,,VSG,,AN,904,X
,642,,,,VSG,,AN,906,X
,643,,,,VSG,,AN,908,
,644,,,,VSG,,AN,910,
,647,,,,VSG,,AN,916,X
,649,,,,VSG,,AN,920,
,651,,,,VSG,,AN,922,
,45,,,,VSA,,AB,84,
,663,,,,VSG,,AN,934,X
,664,,,,VSG,,AN,936,
,666,,,,VSG,,AN,940,X
,401,,,,VSD,,AH,642,
,681,,,,VSH,,AP,958,
,682,,,,VSH,,AP,960,X
,569,,,,VSF,X,AL,,
,686,,,,VSH,,AP,968,X
,690,,,,VSH,,AP,976,X
,688,,,,VSH,,AP,972,X
,691,,,,VSH,,AP,978,X
,692,,,,VSH,,AP,980,
,693,,,,VSH,,AP,982,X
,694,,,,VSH,,AP,984,
,695,,,,VSH,,AP,986,
,701,,,,VSH,,AP,988,
,702,,,,VSH,,AP,990,
,703,,,,VSH,,AP,992,
,704,,,,VSH,,AP,994,X
,705,,,,VSH,,AP,996,
,706,,,,VSH,,AP,998,
,707,,,,VSH,,AP,1000,
,708,,,,VSH,,AP,1002,X
,241,,,,VSC,,AF,404,
,712,,,,VSH,,AP,1008,X
,714,,,,VSH,,AP,1012,X
,715,,,,VSH,,AP,1014,X
,717,,,,VSH,,AP,1018,X
,718,,,,VSH,,AP,1020,
,719,,,,VSH,,AP,1022,
,721,,,,VSH,,AP,1026,
,723,,,,VSH,,AP,1030,X
,724,,,,VSH,,AP,1032,
,725,,,,VSH,,AP,1034,
,732,,,,VSH,,AP,1038,X
,733,,,,VSH,,AP,1040,X
,734,,,,VSH,,AP,1042,
,735,,,,VSH,,AP,1044,
,70,,,,VSA,X,AV,,
,738,,,,VSH,,AP,1048,
,739,,,,VSH,,AP,1050,X
,741,,,,VSH,,AP,1052,
,743,,,,VSH,,AP,1056,
,314,,,,VSC,,AF,528,
,745,,,,VSH,,AP,1060,X
,747,,,,VSH,,AP,1064,X
,749,,,,VSH,,AP,1068,X
,751,,,,VSH,,AP,1072,
,752,,,,VSH,,AP,1074,
,754,,,,VSH,,AP,1078,
,761,,,,VSH,,AP,1082,
,762,,,,VSH,,AP,1084,X
,763,,,,VSH,,AP,1086,
,505,,,,VSE,,AJ,752,X
,764,,,,VSH,,AP,1088,X
,766,,,,VSH,,AP,1092,X
,768,,,,VSH,,AP,1096,
,769,,,,VSH,,AP,1098,
,771,,,,VSH,,AP,1100,X
,772,,,,VSH,,AP,1102,X
,774,,,,VSH,,AP,1106,
,776,,,,VSH,,AP,1110,
,777,,,,VSH,,AP,1112,
,778,,,,VSH,,AP,1114,
,779,,,,VSH,,AP,1116,
,780,,,,VSH,,AP,1118,X
,781,,,,VSH,,AP,1120,X
,782,,,,VSH,,AP,1122,
,,,,,,,,,
,785,,,,VSH,,AP,1128,X
,791,,,,VSH,,AP,1130,X
,792,,,,VSH,,AP,1132,
,793,,,,VSH,,AP,1134,X
,794,,,,VSH,,AP,1136,X
,795,,,,VSH,,AP,1138,X
,796,,,,VSH,,AP,1140,
,797,,,,VSH,,AP,1142,X
,798,,,,VSH,,AP,1144,
,799,,,,VSH,,AP,1146,X
,801,,,,VSI,,AR,1152,
,803,,,,VSI,,AR,1156,X
,804,,,,VSI,,AR,1158,X
,807,,,,VSI,,AR,1164,
,808,,,,VSI,,AR,1166,
,809,,,,VSI,,AR,1168,
,811,,,,VSI,,AR,1172,
,1825,,,,vsq,,,2570,
,813,,,,VSI,,AR,1176,
,814,,,,VSI,,AR,1178,X
,815,,,,VSI,,AR,1180,
,821,,,,VSI,,AR,1182,X
,822,,,,VSI,,AR,1184,X
,824,,,,VSI,,AR,1188,
,825,,,,VSI,,AR,1190,X
,826,,,,VSI,,AR,1192,
,827,,,,VSI,,AR,1194,
,828,,,,VSI,,AR,1196,X
,829,,,,VSI,,AR,1198,
,831,,,,VSI,,AR,1200,
,832,,,,VSI,,AR,1203,
,833,,,,VSI,,AR,1204,
,834,,,,VSI,,AR,1206,
,425,,,,VSB,,AH,670,
,836,,,,VSI,,AR,1210,x
,838,,,,VSI,,AR,1214,x
,839,,,,VSI,,AR,1216,x
,840,,,,VSI,,AR,1218,
,841,,,,VSI,,AR,1220,
,842,,,,VSI,,AR,1222,x
,843,,,,VSI,,AR,1224,x
,844,,,,VSI,,AR,1226,x
,851,,,,VSI,,AR,1228,X
,852,,,,VSI,,AR,1230,x
,853,,,,VSI,,AR,1232,X
,854,,,,VSI,,AR,1234,x
,855,,,,VSI,,AR,1236,
,857,,,,VSI,,AR,1240,
,858,,,,VSI,,AR,1242,x
,861,,,,VSI,,AR,1246,
,862,,,,VSI,,AR,1248,
,863,,,,VSI,,AR,1250,
,864,,,,VSI,,AR,1252,X
,865,,,,VSI,,AR,1254,
,866,,,,VSI,,AR,1256,x
,867,,,,VSI,,AR,1258,x
,868,,,,VSI,,AR,1260,x
,869,,,,VSI,,AR,1262,
,872,,,,VSI,,AR,1268,
,873,,,,VSI,,AR,1270,
,874,,,,VSI,,AR,1272,
,875,,,,VSI,,AR,1274,x
,882,,,,VSI,,AR,1278,
,884,,,,VSI,,AR,1282,
,885,,,,VSI,,AR,1284,
,886,,,,VSI,,AR,1286,
,887,,,,VSI,,AR,1288,
,889,,,,VSI,,AR,1292,
,891,,,,VSI,,AR,1294,
,892,,,,VSI,,AR,1296,x
,893,,,,VSI,,AR,1298,
,894,,,,VSI,,AR,1300,x
,895,,,,VSI,,AR,1302,x
,896,,,,VSI,,AR,1304,X
,897,,,,VSI,,AR,1306,
,898,,,,VSI,,AR,1308,
,901,,,,VSI,,AR,1314,X
,902,,,,VSI,,AR,1316,
,903,,,,VSI,,AR,1318,X
,905,,,,VSI,,AR,1322,
,904,,,,VSI,,AR,1320,
,911,,,,VSI,,AR,1324,
,912,,,,VSI,,AR,1326,X
,913,,,,VSI,,AR,1328,X
,914,,,,VSI,,AR,1330,X
,915,,,,VSI,,AR,1332,
,917,,,,VSI,,AR,1336,
,919,,,,VSI,,AR,1340,
,921,,,,VSJ,,AT,1344,
,923,,,,VSJ,,AT,1348,
,924,,,,VSJ,,AT,1350,
,925,,,,VSJ,,AT,1352,
,927,,,,VSJ,,AT,1356,
,129,,,,VSJ,,AT,1360,
,930,,,,VSJ,,AT,1362,X
,931,,,,VSJ,,AT,1364,X
,933,,,,VSJ,,AT,1368,
,934,,,,VSJ,,AT,1370,
,935,,,,VSJ,,AT,1372,X
,941,,,,VSJ,,AT,1374,
,942,,,,VSJ,,AT,1376,
,943,,,,VSJ,,AT,1378,
,945,,,,VSJ,,AT,1382,
,946,,,,VSJ,,AT,1384,
,947,,,,VSJ,,AT,1386,X
,948,,,,VSJ,,AT,1388,
,949,,,,VSJ,,AT,1390,
,950 (M),,,,VSJ,,AT,1393,
,951,,,,VSJ,,AT,1394,X
,952,,,,VSJ,,AT,1396,
,953,,,,VSJ,,AT,1398,X
,954,,,,VSJ,,AT,1400,X
,955,,,,VSJ,,AT,1402,
,956,,,,VSJ,,AT,1404,X
,957,,,,VSJ,,AT,1406,x
,958,,,,VSJ,,AT,1408,
,959,,,,VSJ,,AT,1410,
,960,,,,VSJ,,AT,1412,X
,961,,,,VSJ,,AT,1416,X
,962,,,,VSJ,,AT,1418,
,542,,,,VSE,,AJ,790,
,965,,,,VSJ,,AT,1424,
,971,,,,VSJ,,AT,1426,
,972,,,,VSJ,,AT,1428,X
,973,,,,VSJ,,AT,1430,
,974,,,,VSJ,,AT,1432,
,975,,,,VSJ,,AT,1434,X
,976,,,,VSJ,,AT,1436,
,977,,,,VSJ,,AT,1438,
,978,,,,VSJ,,AT,1440,X
,980 (N),,,,VSJ,,AT,1444,
,981,,,,VSJ,,AT,1446,
,982,,,,VSJ,,AT,1448,X
,983,,,,VSJ,,AT,1450,
,984,,,,VSJ,,AT,1452,X
,985,,,,VSJ,,AT,1454,x
,986,,,,VSJ,,AT,1456,X
,987,,,,VSJ,,AT,1458,
,988,,,,VSJ,,AT,1460,
,989,,,,VSJ,,AT,1462,X
,991,,,,VSJ,,AT,1466,
,522,,,,VSF,,AJ,768,X
,993,,,,VSJ,,AT,1468,
,994,,,,VSJ,,AT,1470,
,995,,,,VSJ,,AT,1472,
,1001,,,,VSJ,,AT,1474,
,1002,,,,VSJ,,AT,1476,X
,1003,,,,VSJ,,AT,1478,
,1004,,,,VSJ,,AT,1480,
,1005,,,,VSJ,,AT,1482,
,1006,,,,VSJ,,AT,1484,X
,1007,,,,VSJ,,AT,1486,X
,665,,,,VSG,,AN,938,X
,1011,,,,VSJ,,AT,1494,X
,1012,,,,VSJ,,AT,1496,X
,1013,,,,VSJ,,AT,1498,
,1014,,,,VSJ,,AT,1500,X
,1017,,,,VSJ,,AT,1506,X
,1018,,,,VSJ,,AT,1508,
,1019,,,,VSJ,,AT,1510,X
,1021,,,,VSJ,,AT,1514,X
,1022,,,,VSJ,,AT,1516,
,1023,,,,VSJ,,AT,1518,X
,1024,,,,VSJ,,AT,1520,
,1025,,,,VSJ,,AT,1522,
,1031,,,,VSJ,,AT,1524,
,1032,,,,VSJ,,AT,1526,X
,1033,,,,VSJ,,AT,1528,X
,1034,,,,VSJ,,AT,1530,X
,1035,,,,VSJ,,AT,1532,
,1036,,,,VSJ,,AT,1534,X
,1037,,,,VSJ,,AT,1536,X
,1038,,,,VSJ,,AT,1538,
,1039,,,,VSJ,,AT,1540,X
,1041,,,,VSK,,AV,1544,X
,1042,,,,VSK,,AV,1546,
,1045,,,,VSK,,AV,1552,
,1063,,,,VSK,,AV,1568,X
,1047,,,,VSK,,AV,1556,X
,1048,,,,VSK,,AV,1558,
,1051,,,,VSK,,AV,1560,
,1052,,,,VSK,,AV,1562,
,1061,,,,VSK,,AV,1564,X
,1062,,,,VSK,,AV,1566,X
,1064,,,,VSK,,AV,1570,X
,1066,,,,VSK,,AV,1574,X
,1071,,,,VSK,,AV,1578,
,1072,,,,VSK,,AV,1580,X
,1081,,,,VSK,,AV,1582,
,1082,,,,VSK,,AV,1584,X
,1084,,,,VSK,,AV,1588,
,1085,,,,VSK,,AV,1590,X
,1086,,,,VSK,,AV,1592,X
,1087,,,,VSK,,AV,1594,X
,1088,,,,VSK,,AV,1596,
,1091,,,,VSK,,AV,1598,
,1092,,,,VSK,,AV,1600,
,1101,,,,VSK,,AV,1604,
,1102,,,,VSK,,AV,1606,
,1103,,,,VSK,,AV,1608,X
,1105,,,,VSK,,AV,1612,X
,1106,,,,VSK,,AV,1614,
,1111,,,,VSK,,AV,1616,
,1112,,,,VSK,,AV,1618,X
,1121,,,,VSL,,AX,1624,
,1124,,,,VSL,,AX,1630,
,1125,,,,VSL,,AX,1632,
,1126,,,,VSL,,AX,1634,
,1141,,,,VSL,,AX,1642,
,1142,,,,VSL,,AX,1644,
,1144,,,,VSL,,AX,1648,
,1145,,,,VSL,,AX,1650,
,1146,,,,VSL,,AX,1652,
,1147,,,,VSL,,AX,1654,X
,1152,,,,VSL,,AX,1658,X
,1161,,,,VSL,,AX,1660,
,1162,,,,VSL,,AX,1662,X
,1164,,,,VSL,,AX,1666,X
,1165,,,,VSL,,AX,1668,X
,1168,,,,VSL,,AX,1674,
,1171,,,,VSL,,AX,1676,X
,1172,,,,VSL,,AX,1678,X
,1181,,,,VSL,,AX,1680,X
,1182,,,,VSL,,AX,1682,X
,1183,,,,VSL,,AX,1684,
,1191,,,,VSL,,AX,1694,X
,1192,,,,VSL,,AX,1696,
,1201,,,,VSL,,AX,1698,
,1202,,,,VSL,,AX,1700,
,1203,,,,VSL,,AX,1702,X
,1204,,,,VSL,,AX,1704,
,1205,,,,VSL,,AX,1706,X
,1206,,,,VSL,,AX,1708,X
,1207,,,,VSL,,AX,1710,
,1208,,,,VSL,,AX,1712,
,1209,,,,VSL,,AX,1714,
,1211,,,,VSL,,AX,1718,
,1212,,,,VSL,,AX,1722,X
,1213,,,,VSL,,AX,1724,
,]214,,,,VSL,,AX,1726,
,1215,,,,VSL,,AX,1728,
,1221,,,,VSL,,AX,1730,
,1222,,,,VSL,,AX,1732,X
,1223,,,,VSL,,AX,1734,X
,1224,,,,VSL,,AX,1736,X
,1225,,,,VSL,,AX,1738,
,1226,,,,VSL,,AX,1740,X
,1227,,,,VSL,,AX,1742,
,1228,,,,VSL,,AX,1744,X
,1229,,,,VSL,,AX,1746,X
,1230 (R),,,,VSL,,AX,1748,
,1231,,,,VSL,,AX,1750,X
,1232,,,,VSL,,AX,1752,
,2585,,,,VST,,,6695,x
,1234,,,,VSL,,AX,1756,X
,1235,,,,VSL,,AX,1758,x
,1236,,,,VSL,,AX,1760,X
,1237,,,,VSL,,AX,1762,X
,90,,,,VSA,X,AV,,
,1239,,,,VSL,,AX,1764,X
,1240,,,,VSL,,AX,1766,
,1241,,,,VSL,,AX,1768,X
,1242,,,,VSL,,AX,1770,
,1243,,,,VSL,,AX,1772,X
,1244,,,,VSL,,AX,1774,
,1245,,,,VSL,,AX,1776,
,1251,,,,VSL,,AX,1778,X
,1252,,,,VSL,,AX,1780,
,1253,,,,VSL,,AX,1782,
,1254,,,,VSL,,AX,1784,
,1255,,,,VSL,,AX,1786,
,1256,,,,VSL,,AX,1788,X
,1257,,,,VSL,,AX,1790,
,1258,,,,VSL,,AX,1792,X
,1259,,,,VSL,,AX,1794,
,1301,,,,VSM,,AZ,1802,
,1302,,,,VSM,,AZ,1804,X
,1305,,,,VSM,,AZ,1810,
,1312,,,,VSM,,AZ,1822,
,1321,,,,VSM,,AZ,1824,X
,1322,,,,VSM,,AZ,1826,
,1323,,,,VSM,,AZ,1828,X
,1327,,,,VSM,,AZ,1836,
,1328,,,,VSM,,AZ,1838,
,1331,,,,VSM,,AZ,1840,X
,1332,,,,VSM,,AZ,1842,X
,1341,,,,VSM,,AZ,1844,X
,1343,,,,VSM,,AZ,1848,X
,1345,,,,VSM,,AZ,1852,X
,1347,,,,VSM,,AZ,1856,X
,1348,,,,VSM,,AZ,1858,X
,1351,,,,VSM,,AZ,1860,
,1352,,,,VSM,,AZ,1862,
,1361,,,,VSM,,AZ,1864,
,1365,,,,VSM,,AZ,1872,X
,1366,,,,VSM,,AZ,1874,
,1371,,,,VSM,,AZ,1880,X
,1372,,,,VSM,,AZ,1882,X
,1401,,,,VSN,,BB,1886,
,1402,,,,VSN,,BB,1888,x
,1403,,,,VSN,,BB,1890,x
,1404,,,,VSN,,BB,1892,
,1405,,,,VSN,,BB,1894,x
,1406,,,,VSN,,BB,1896,
,1408,,,,VSN,,BB,1900,
,1409,,,,VSN,,BB,1902,
,1411,,,,VSN,,BB,1906,
,1412,,,,VSN,,BB,1908,
,1413,,,,VSN,,BB,1910,
,1414,,,,VSN,,BB,1912,
,1415,,,,VSN,,BB,1914,x
,1416,,,,VSN,,BB,1916,
,1417,,,,VSN,,BB,1918,
,1419,,,,VSN,,BB,1922,x
,1420,,,,VSN,,BB,1926,
,1421,,,,VSN,,BB,1928,
,1422,,,,VSN,,BB,1930,x
,1423,,,,VSN,,BB,1932,
,1424,,,,VSN,,BB,1934,x
,1426,,,,VSN,,BB,1938,X
,1427,,,,VSN,,BB,1940,x
,1428,,,,VSN,,BB,1942,x
,1429,,,,VSN,,BB,1944,x
,1430,,,,VSN,,BB,1946,
,1431,,,,VSN,,BB,1948,
,1432,,,,VSN,,BB,1950,x
,1434,,,,VSN,,BB,1954,x
,1435,,,,VSN,,BB,1956,
,1436,,,,VSN,,BB,1958,x
,1437,,,,VSN,,BB,1960,
,1438,,,,VSN,,BB,1962,
,1439,,,,VSN,,BB,1964,
,1065,,,,VSK,,AV,1572,X
,1441,,,,VSN,,BB,1968,
,1443,,,,VSN,,BB,1972,
,1444,,,,VSN,,BB,1974,x
,1445,,,,VSN,,BB,1976,x
,1446,,,,VSN,,BB,1978,x
,1447,,,,VSN,,BB,1980,
,1448,,,,VSN,,BB,1982,x
,1449,,,,VSN,,BB,1984,x
,1450,,,,VSN,,BB,1986,x
,1451,,,,VSN,,BB,1988,
,1452,,,,VSN,,BB,1990,x
,1454,,,,VSN,,BB,1994,
,1455,,,,VSN,,BB,1996,x
,1456,,,,VSN,,BB,1998,x
,1457,,,,VSN,,BB,2000,
,1458,,,,VSN,,BB,2002,x
,1459,,,,VSN,,BB,2004,
,1460,,,,VSN,,BB,2006,
,1461,,,,VSN,,BB,2008,x
,1462,,,,VSN,,BB,2010,
,1463,,,,VSN,,BB,2018,x
,1324,,,,VSM,,AZ,1830,X
,1465,,,,VSN,,BB,2016,
,1466,,,,VSN,,BB,2021,x
,1467,,,,VSN,,BB,2020,
,1468,,,,VSN,,BB,2022,
,1469,,,,VSN,,BB,2024,
,1470,,,,VSN,,BB,2026,x
,1471,,,,VSN,,BB,2028,
,1472,,,,VSN,,BB,2030,x
,1473,,,,VSN,,BB,2032,x
,1474,,,,VSN,,BB,2034,x
,1475,,,,VSN,,BB,2036,
,1476,,,,VSN,,BB,2038,x
,1477,,,,VSN,,BB,2040,
,1478,,,,VSN,,BB,2042,
,1479,,,,VSN,,BB,2044,
,1480,,,,VSN,,BB,2046,x
,1481,,,,VSN,,BB,2048,x
,1924,,,,VSR,,BB,2720,X
,1482,,,,VSN,,BB,2050,
,1483,,,,VSN,,BB,2052,
,1484,,,,VSN,,BB,2054,x
,1485,,,,VSN,,BB,2056,
,1486,,,,VSN,,BB,2058,
,1487,,,,VSN,,BB,2060,x
,1488,,,,VSN,,BB,2062,
,1489,,,,VSN,,BB,2064,
,1490,,,,VSN,,BB,2066,
,1500,,,,VSN,,BB,2086,
,1492,,,,VSN,,BB,2070,
,1493,,,,VSN,,BB,2072,x
,1494,,,,VSN,,BB,2074,
,1541,,,,VSO,,BB,2156,x
,1496,,,,VSN,,BB,2078,
,1498,,,,VSN,,BB,2082,
,1499,,,,VSN,,BB,2084,x
,1558,,,,VSO,,BB,2180,x
,1501,,,,VSN,,BB,2088,
,1502,,,,VSN,,BB,2090,x
,1504,,,,VSN,,BB,2092,
,1505,,,,VSN,,BB,2094,x
,1506,,,,VSN,,BB,2096,x
,1507,,,,VSN,,BB,2098,x
,1508,,,,VSN,,BB,2100,x
,1509,,,,VSN,,BB,2102,
,1510,,,,VSN,,BB,2104,x
,1511,,,,VSN,,BB,2106,x
,1512,,,,VSN,,BB,2108,
,1513,,,,VSN,,BB,2110,x
,1514,,,,VSN,,BB,2112,
,1515,,,,VSN,,BB,2114,
,1516,,,,VSN,,BB,2116,
,1517,,,,VSN,,BB,2118,
,1843,,,,VSQ,,BB,2604,x
,1792,,,,VSQ,,BB,2524,x
,1520,,,,VSN,,BB,2124,x
,1592,,,,VSO,,BB,2234,x
,1581,,,,VSO,,BB,2222,x
,1823,,,,VSQ,,BB,2566,x
,END PO A,,,,VSA,XXXXXXXX,AA,2,x
,END PO B,,,,VSB,XXXXXXXX,AC,206,x
,END PO C,,,,VSC,XXXXXXXX,AE,402,x
,END PO D,,,,VSD,XXXXXXXX,AG,602,x
,END PO E,,,,VSE,XXXXXXXX,AI,680,X
,END PO F,,,,VSF,XXXXXXXX,AK,764,X
,END PO G,,,,VSG,XXXXXXXX,AM,850,X
,END PO H,,,,VSH,XXXXXXXX,AO,956,X
,END PO I,,,,VSI,XXXXXXXX,AQ,1150,X
,END PO J,,,,VSJ,XXXXXXXX,AS,1342,X
,END PO K,,,,VSK,XXXXXXXX,AU,1542,x
,END PO L,,,,VSL,XXXXXXXX,AW,1620,X
,END PO M,,,,VSM,XXXXXXXX,AY,1800,X
,END PO N,,,,VSN,XXXXXXXX,BA,1884,x
,,,,,,,,,
,492,,,,VSE,,AJ,742,X
,81,,,,VSA,,AB,,
,1600,,,,VSO,,BB,2250,x
,2,,,,VSA,,AB,6,
,2693,,,,VST,,,2999,X
,1561,,,,VSO,,BB,2184,x
,1763,,,,VSP,,BB,2476,
,11,,,,VSA,,AB,24,x
,32,,,,VSA,,AB,58,
,13,,,,VSA,,AB,28,
,25,,,,VSA,,AB,42,
,26,,,,VSA,,AB,44,
,10,,,,VSA,,AB,22,x
,30 (A),,,,VSA,,AB,52,
,32,,,,VSA,,AB,56,
,35,,,,VSA,,AB,64,
,39,,,,VSA,,AB,72,
,53,,,,VSA,,AB,90,
,56,,,,VSA,,AB,96,x
,58,,,,VSA,,AB,100,
,68,,,,VSA,,AB,120,
,70,,,,VSA,,AB,124,x
,44,,,,VSA,,AB,82,
,176,,,,VSB,,AX,298,
,90 (C),,,,VSA,,AB,154,
,72,,,,VSA,,AB,128,
,88,,,,VSA,,AB,150,
,89,,,,VSA,,AB,152,x
,81,,,,VSA,,AB,136,
,93,,,,VSA,,AB,160,
,96,,,,VSA,,AB,166,
,100,,,,VSA,,AB,174,
,103,,,,VSA,,AB,180,x
,116,,,,VSA,,AB,194,
,117,,,,VSA,,AB,196,
,123,,,,VSB,,AD,212,
,124,,,,VSB,,AD,214,
,845,,,,VSI,,,1226,
,134,,,,VSB,,AD,234,
,141,,,,VSB,,AD,238,x
,2209,,,,VST,,,2983,X
,157,,,,VSB,,AD,270,X
,160,,,,VSB,,AD,276,
,180 (F),,,,VSB,,AD,306,X
,165,,,,VSB,,AD,286,
,174,,,,VSB,,AD,292,
,176,,,,VSB,,AD,296,X
,177,,,,VSB,,AD,300,
,178,,,,VSB,,AD,302,
,182,,,,VSB,,AD,310,
,183,,,,VSB,,AD,312,X
,185,,,,VSB,,AD,316,
,186,,,,VSB,,AD,318,
,188,,,,VSB,,AD,322,
,190,,,,VSB,,AD,326,
,210 (G),,,,VSB,,AD,350,X
,202,,,,VSB,,AD,334,X
,204,,,,VSB,,AD,338,
,205,,,,VSB,,AD,340,X
,212,,,,VSB,,AD,354,X
,214,,,,VSB,,AD,358,
,218,,,,VSB,,AD,366,
,219,,,,VSB,,AD,368,X
,220,,,,VSB,,AD,370,X
,225,,,,VSB,,AD,380,
,237,,,,VSB,,AD,394,
,242,,,,VSC,,AF,406,
,245,,,,VSC,,AF,412,
,246,,,,VSC,,AF,414,
,248,,,,VSC,,AF,418,
,250,,,,VSC,,AF,422,X
,253,,,,VSC,,AF,428,X
,254,,,,VSC,,AF,430,X
,266,,,,VSC,,AF,442,
,267,,,,VSC,,AF,444,
,275,,,,VSC,,AF,460,
,278,,,,VSC,,AF,466,
,280,,,,VSC,,AF,470,
,284,,,,VSC,,AF,478,
,293,,,,VSC,,AF,486,
,294,,,,VSC,,AF,488,
,300 (J),,,,VSC,,AF,500,
,301,,,,VSC,,AF,502,
,307,,,,VSC,,AF,514,
,308,,,,VSC,,AF,516,
,310,,,,VSC,,AF,520,
,326,,,,VSC,,AF,542,
,327,,,,VSC,,AF,544,
,328,,,,VSC,,AF,546,X
,329,,,,VSC,,AF,548,X
,335,,,,VSC,,AF,560,
,336,,,,VSC,,AF,562,X
,337,,,,VSC,,AF,564,
,341,,,,VSC,,AF,572,
,342,,,,VSC,,AF,574,
,351,,,,VSC,,AF,,
,351,,,,VSC,,AF,582,
,361,,,,VSD,,AH,604,
,366,,,,VSD,,AH,614,
,367,,,,VSD,,AH,616,
,368,,,,VSD,,AH,618,x
,382,,,,VSD,,AH,626,
,371,,,,VSD,,AH,620,
,387,,,,VSD,,AH,636,x
,392,,,,VSD,,AH,640,
,404,,,,VSD,,AH,648,
,408,,,,VSD,,AH,656,
,431,,,,VSD,,AH,676,X
,432,,,,VSD,,AH,678,
,443,,,,VSE,,AJ,686,
,449,,,,VSE,,AJ,698,
,461,,,,VSE,,AJ,704,X
,462,,,,VSE,,AJ,706,X
,465,,,,VSE,,AJ,712,
,466,,,,VSE,,AJ,714,X
,467,,,,VSE,,AJ,716,
,471,,,,VSE,,AJ,720,X
,472,,,,VSE,,AJ,722,X
,482,,,,VSE,,AJ,725,X
,484,,,,VSE,,AJ,728,
,485,,,,VSE,,AJ,730,X
,486,,,,VSE,,AJ,732,
,503,,,,VSE,,AJ,748,
,506,,,,VSE,,AJ,754,X
,507,,,,VSE,,AJ,756,
,525,,,,VSF,,AL,774,X
,526,,,,VSF,,AL,776,
,529,,,,VSF,,AL,782,
,543,,,,VSF,,AL,792,
,545,,,,VSF,,AL,796,
,546,,,,VSF,,AL,798,
,547,,,,VSF,,AL,800,
,563,,,,VSF,,AL,812,
,564,,,,VSF,,AL,814,
,565,,,,VSF,,AL,816,
,565,,,,VSF,,AL,,
,566,,,,VSF,,AL,818,X
,568,,,,VSF,,AL,822,X
,572,,,,VSF,,AL,828,
,581,,,,VSF,,AL,830,X
,583,,,,VSF,,AL,834,
,584,,,,VSF,,AL,836,
,588,,,,VSF,,AL,844,
,591,,,,VSF,,AL,846,
,592,,,,VSF,,AL,848,
,601,,,,VSG,,AN,852,
,604,,,,VSG,,AN,858,
,605,,,,VSG,,AN,860,
,606,,,,VSG,,AN,862,
,607,,,,VSG,,AN,864,
,609,,,,VSG,,AN,868,
,613,,,,VSG,,AN,874,
,614,,,,VSG,,AN,876,X
,623,,,,VSG,,AN,882,X
,628,,,,VSG,,AN,892,X
,631,,,,VSG,,AN,896,
,632,,,,VSG,,AN,898,
,645,,,,VSG,,AN,912,
,646,,,,VSG,,AN,914,
,648,,,,VSG,,AN,918,
,652,,,,VSG,,AN,924,
,653,,,,VSG,,AN,926,
,654,,,,VSG,,AN,928,
,661,,,,VSG,,AN,930,
,662,,,,VSG,,AN,932,
,667,,,,VSG,,AN,942,X
,668,,,,VSG,,AN,944,
,669,,,,VSG,,AN,946,
,671,,,,VSG,,AN,948,X
,672,,,,VSG,,AN,950,
,673,,,,VSG,,AN,952,X
,674,,,,VSG,,AN,954,
,683,,,,VSH,,AP,962,
,684,,,,USH,,AP,964,
,685,,,,VSH,,AP,966,
,687,,,,VSH,,AP,970,
,689,,,,VSH,,AP,974,
,709,,,,VSH,,AP,1004,
,711,,,,VSH,,AP,1006,
,713,,,,VSH,,AP,1010,
,716,,,,VSH,,AP,1016,X
,722,,,,VSH,,AP,1028,
,737,,,,VSH,,AP,1046,
,720,,,,VSH,,AP,1024,X
,731,,,,VSH,,AP,1036,X
,737,,,,VSH,,AP,,
,742,,,,VSH,,AP,1054,
,744,,,,VSH,,AP,1058,
,746,,,,VSH,,AP,1062,
,748,,,,VSH,,AP,1066,X
,750,,,,VSH,,AP,1070,X
,755,,,,VSH,,AP,1080,
,765,,,,VSH,,AP,1090,
,767,,,,VSH,,AP,1094,
,773,,,,VSH,,AP,1104,
,775,,,,VSH,,AP,1108,
,802,,,,VSI,,AR,1154,
,805,,,,VSI,,AR,1160,
,806,,,,VSI,,AR,1162,
,823,,,,VSI,,AR,1186,X
,835,,,,VSI,,AR,1208,
,837,,,,VSI,,AR,1212,x
,856,,,,VSI,,AR,1238,x
,859,,,,VSI,,AR,1244,
,870,,,,VSI,,AR,1264,
,871,,,,VSI,,AR,1266,
,888,,,,VSI,,AR,1290,x
,881,,,,VSI,,AR,1276,
,883,,,,VSI,,AR,1280,
,899,,,,VSI,,AR,1310,
,900,,,,VSI,,AR,1312,
,916,,,,VSI,,AR,1334,X
,918,,,,VSI,,AR,1338,
,922,,,,VSJ,,AT,1346,
,926,,,,VSJ,,AT,1354,
,928,,,,VSJ,,AT,1358,
,932,,,,VSJ,,AT,1366,
,944,,,,VSJ,,AT,1380,
,963,,,,VSJ,,AT,1420,
,964,,,,VSJ,,AT,1422,
,979,,,,VSJ,,AT,1442,
,990,,,,VSJ,,AT,1464,X
,1010 (O),,,,VSJ,,AT,1492,
,1008,,,,VSJ,,AT,1488,X
,1009,,,,VSJ,,AT,1490,
,1015,,,,VSJ,,AT,1502,
,1016,,,,VSJ,,AT,1504,
,1020,,,,VSJ,,AT,1512,
,1040 (P),,,,VSJ,,AT,,
,1043,,,,VSK,,AV,1548,
,1044,,,,VSK,,AV,1550,
,1046,,,,VSK,,AV,1554,
,1100,,,,VSK,,AV,1602,
,1121,,,,VSL,,AX,1622,
,1122,,,,VSL,,AX,1626,
,1123,,,,VSL,,AX,1628,
,1127,,,,VSL,,AX,1636,
,1151,,,,VSL,,AX,1656,X
,1163,,,,VSL,,AX,1664,
,1166,,,,VSL,,AX,1670,
,1167,,,,VSL,,AX,1672,
,1185,,,,VSL,,AX,1688,
,1186,,,,VSL,,AX,1690,
,1187,,,,VSL,,AX,1692,
,1212,,,,VSL,,AX,1720,
,1210,,,,VSL,,AX,1716,
,1260 (S),,,,VSL,,AX,1796,
,1303,,,,VSM,,AZ,1806,
,1311,,,,VSM,,AZ,1820,
,1325,,,,VSM,,AZ,1832,X
,1326,,,,VSM,,AZ,1834,
,1346,,,,VSM,,AZ,1854,
,1362,,,,VSM,,AZ,1866,
,1363,,,,VSM,,AZ,1868,
,1367,,,,VSM,,AZ,1876,
,1407,,,,VSN,,BB,1898,
,1410,,,,VSN,,BB,1904,
,1418,,,,VSN,,BB,1920,
,1425,,,,VSN,,BB,1936,
,1433,,,,VSN,,BB,1952,
,1440,,,,VSN,,BB,1966,x
,1442,,,,VSN,,BB,1970,
,1453,,,,VSN,,BB,1992,
,1464,,,,VSN,,BB,2014,X
,1491,,,,VSN,,BB,2068,
,1495,,,,VSN,,BB,2076,
,1497,,,,VSN,,BB,2080,x
,1518,,,,VSN,,BB,2120,
,1519,,,,VSN,,BB,2122,
,1522 (T),,,,VSN,,BB,2126,
,1523 (U),,,,VSN,,BB,2128,
,1524 (V),,,,VSN,,BB,2130,
,1525 (W),,,,VSN,,BB,2132,
,1531,,,,VSO,,BD,2136,x
,1532,,,,VSO,,BD,2138,
,1533,,,,VSO,,BD,2140,
,1534,,,,VSO,,BD,2142,
,1535,,,,VSO,,BD,2144,
,1536,,,,VSO,,BD,2146,
,1537,,,,VSO,,BD,2148,
,1538,,,,VSO,,BD,2150,
,1539,,,,VSO,,BD,2152,
,1540,,,,VSO,,BD,2154,
,1542,,,,VSO,,BD,2158,x
,1543,,,,VSO,,BD,2160,
,1544,,,,VSO,,BD,2162,
,2621,,,,VST,,,2998,X
,1551,,,,VSO,,BD,2166,x
,1552,,,,VSO,,BD,2168,x
,1553,,,,VSO,,BD,2170,
,1554,,,,VSO,,BD,2172,
,1555,,,,VSO,,BD,2174,
,1556,,,,VSO,,BD,2176,
,1557,,,,VSO,,BD,2178,
,1559,,,,VSO,,BD,2182,
,1562,,,,VSO,,BD,2186,
,1563,,,,VSO,,BD,2188,
,1564,,,,VSO,,BD,2190,
,1565,,,,VSO,,BD,2192,x
,1566,,,,VSO,,BD,2194,
,1567,,,,VSO,,BD,2196,
,1568,,,,VSO,,BD,2198,x
,1571,,,,VSO,,BD,2204,
,1572,,,,VSO,,BD,2206,
,1573,,,,VSO,,BD,2208,
,1574,,,,VSO,,BD,2210,
,1575,,,,VSO,,BD,2212,
,1576,,,,VSO,,BD,2214,x
,1577,,,,VSO,,BD,2216,
,1578,,,,VSO,,BD,2218,x
,1579,,,,VSO,,BD,2220,
,1582,,,,VSO,,BD,2224,x
,1583,,,,VSO,,BD,2226,
,1584,,,,VSO,,BD,2228,
,1585,,,,VSO,,BD,2230,
,1591,,,,VSO,,BD,2232,
,1593,,,,VSO,,BD,2236,
,1594,,,,VSO,,BD,2238,
,1595,,,,VSO,,BD,2240,x
,1596,,,,VSO,,BD,2242,
,1597,,,,VSO,,BD,2244,
,1598,,,,VSO,,BD,2246,
,1599,,,,VSO,,BD,2248,
,1601,,,,VSO,,BD,2252,
,1602,,,,VSO,,BD,2254,
,1603,,,,VSO,,BD,2256,
,1604,,,,VSO,,BD,2258,
,1605,,,,VSO,,BD,2260,
,1606,,,,VSO,,BD,2262,X
,1607,,,,VSO,,BD,2264,
,1608,,,,VSO,,BD,2266,
,1609,,,,VSO,,BD,2268,
,1611,,,,VSO,,BD,2270,
,1612,,,,VSO,,BD,2272,
,1613,,,,VSO,,BD,2274,
,1614,,,,VSO,,BD,2276,
,1615,,,,VSO,,BD,2278,
,1621,,,,VSO,,BD,2280,
,1622,,,,VSO,,BD,2282,
,1623,,,,VSO,,BD,2284,
,1624,,,,VSO,,BD,2286,
,1625,,,,VSO,,BD,2288,x
,1626,,,,VSO,,BD,2290,
,1627,,,,VSO,,BD,2292,x
,1628,,,,VSO,,BD,2294,
,1629,,,,VSO,,BD,2296,x
,1631,,,,VSO,,BD,2300,
,1632,,,,VSO,,BD,2302,x
,1633,,,,VSO,,BD,2304,x
,1634,,,,VSO,,BD,2306,
,1635,,,,VSO,,BD,2308,x
,1636,,,,VSO,,BD,2310,
,1637,,,,VSO,,BD,2312,x
,1638,,,,VSO,,BD,2314,
,1639,,,,VSO,,BD,2316,
,1641,,,,VSO,,BD,2318,
,1642,,,,VSO,,BD,2320,
,1643,,,,VSO,,BD,2322,
,1644,,,,VSO,,BD,2324,
,1645,,,,VSO,,BD,2326,
,1651,,,,VSP,,BF,2330,
,1652,,,,VSP,,BF,2332,X
,1653,,,,VSP,,BF,2334,X
,1654,,,,VSP,,BF,2336,
,1655,,,,VSP,,BF,2338,
,1656,,,,VSP,,BF,2340,X
,1657,,,,VSP,,BF,2342,
,1658,,,,VSP,,BF,2344,X
,1659,,,,VSP,,BF,2346,X
,1661,,,,VSP,,BF,2348,
,1662,,,,VSP,,BF,2350,X
,1663,,,,VSP,,BF,2352,
,1664,,,,VSP,,BF,2354,
,1665,,,,VSP,,BF,2356,
,1671,,,,VSP,,BF,2358,
,1672,,,,VSP,,BF,2360,X
,1673,,,,VSP,,BF,2362,
,1674,,,,VSP,,BF,2364,X
,1675,,,,VSP,,BF,2366,
,1681,,,,VSP,,BF,2368,X
,1682,,,,VSP,,BF,2370,
,1683,,,,VSP,,BF,2373,
,1684,,,,VSP,,BF,2374,
,1685,,,,VSP,,BF,2376,X
,1686,,,,VSP,,BF,2378,
,1687,,,,VSP,,BF,2380,
,1688,,,,VSP,,BF,2382,
,1689,,,,VSP,,BF,2384,
,1691,,,,VSP,,BF,2386,X
,1692,,,,VSP,,BF,2388,
,1693,,,,VSP,,BF,2390,
,1694,,,,VSP,,BF,2392,
,1695,,,,VSP,,BF,2394,
,1701,,,,VSP,,BF,2396,
,1702,,,,VSP,,BF,2398,X
,1703,,,,VSP,,BF,2400,
,1704,,,,VSP,,BF,2402,
,1705,,,,VSP,,BF,2404,
,1711,,,,VSP,,BF,2406,
,1712,,,,VSP,,BF,2408,
,1713,,,,VSP,,BF,2410,
,1714,,,,VSP,,BF,2412,
,1715,,,,VSP,,BF,2414,
,1716,,,,VSP,,BF,2416,
,1717,,,,VSP,,BF,2418,
,1718,,,,VSP,,BF,2420,
,1719,,,,VSP,,BF,2422,
,1721,,,,VSP,,BF,2424,X
,1722,,,,VSP,,BF,2426,
,1723,,,,VSP,,BF,2428,X
,1724,,,,VSP,,BF,2430,X
,1725,,,,VSP,,BF,2432,
,1731,,,,VSP,,BF,2434,
,1732,,,,VSP,,BF,2436,X
,1733,,,,VSP,,BF,2438,X
,1734,,,,VSP,,BF,2440,
,1735,,,,VSP,,BF,2442,
,1741,,,,VSP,,BF,2444,
,1742,,,,VSP,,BF,2446,
,1743,,,,VSP,,BF,2448,x
,1744,,,,VSP,,BF,2450,X
,1745,,,,VSP,,BF,2452,X
,1746,,,,VSP,,BF,2454,
,1747,,,,VSP,,BF,2456,
,1749,,,,VSP,,BF,2460,X
,1751,,,,VSP,,BF,2462,
,1752,,,,VSP,,BF,2464,
,1753,,,,VSP,,BF,2466,
,1754,,,,VSP,,BF,2468,
,1755,,,,VSP,,BF,2470,X
,1761,,,,VSP,,BF,2472,X
,1762,,,,VSP,,BF,2474,X
,1764,,,,VSP,,BF,2478,
,1765,,,,VSP,,BF,2480,
,1771,,,,VSQ,,BH,2484,
,1772,,,,VSQ,,BH,2486,
,1773,,,,VSQ,,BH,2488,
,1774,,,,VSQ,,BH,2490,
,1775,,,,VSQ,,BH,2492,
,1778,,,,VSQ,,BH,2498,
,1779,,,,VSQ,,BH,2500,x
,1780,,,,VSQ,,BH,2502,
,1781,,,,VSQ,,BH,2504,x
,1782,,,,VSQ,,BH,2506,x
,1783,,,,VSQ,,BH,2508,
,1784,,,,VSQ,,BH,2510,
,1785,,,,VSQ,,BH,2512,x
,1787,,,,VSQ,,BH,2516,x
,1788,,,,VSQ,,BH,2518,x
,1789,,,,VSQ,,BH,2520,
,1791,,,,VSQ,,BH,2522,
,1793,,,,VSQ,,BH,2526,
,1794,,,,VSQ,,BH,2528,
,1795,,,,VSQ,,BH,2530,
,1801,,,,VSQ,,BH,2532,
,1802,,,,VSQ,,BH,2534,
,1803,,,,VSQ,,BH,2536,
,1804,,,,VSQ,,BH,2538,
,1805,,,,VSQ,,BH,2540,X
,1806,,,,VSQ,,BH,2542,
,1807,,,,VSQ,,BH,2544,
,1808,,,,VSQ,,BH,2546,
,1809,,,,VSQ,,BH,2548,
,1810,,,,VSQ,,BH,2550,
,1811,,,,VSQ,,BH,2552,x
,1812,,,,VSQ,,BH,2554,
,1813,,,,VSQ,,BH,,
,1814,,,,VSQ,,BH,2558,
,1815,,,,VSQ,,BH,2560,
,1821,,,,VSQ,,BH,2562,x
,1822,,,,VSQ,,BH,2564,
,1824,,,,VSQ,,BH,2568,
,1825,,,,VSQ,,BH,2570,
,1831,,,,VSQ,,BH,2580,
,1832,,,,VSQ,,BH,2582,x
,1833,,,,VSQ,,BH,2584,
,1834,,,,VSQ,,BH,2586,
,1835,,,,VSQ,,BH,2588,
,,,,,,,,,
,1837,,,,VSQ,,BH,2592,
,1838,,,,VSQ,,BH,2594,
,1839,,,,VSQ,,BH,2596,
,1840,,,,VSQ,,BH,2598,
,1841,,,,VSQ,,BH,2600,
,1842,,,,VSQ,,BH,2602,
,1844,,,,VSQ,,BH,2606,
,1845,,,,VSQ,,BH,2608,
,1846,,,,VSQ,,BH,2610,
,1847,,,,VSQ,,BH,2612,
,,,,,,,,,
,1849,,,,VSQ,,BH,2616,
,1851,,,,VSQ,,BH,2618,
,1852,,,,VSQ,,BH,2620,x
,1853,,,,VSQ,,BH,2622,
,1854,,,,VSQ,,BH,2624,X
,1855,,,,VSQ,,BH,2626,x
,1861,,,,VSQ,,BH,2628,
,1862,,,,VSQ,,BH,2630,
,1863,,,,VSQ,,BH,2632,
,1864,,,,VSQ,,BH,2634,
,1865,,,,VSQ,,BH,2636,
,1866,,,,VSQ,,BH,2638,
,1868,,,,VSQ,,BH,2642,x
,1869,,,,VSQ,,BH,2644,x
,1870,,,,VSQ,,BH,2646,
,1871,,,,VSQ,,BH,2648,
,1872,,,,VSQ,,BH,2650,
,1873,,,,VSQ,,BH,2652,
,1874,,,,VSQ,,BH,2654,
,1875,,,,VSQ,,BH,2656,x
,1876,,,,VSQ,,BH,2658,
,1877,,,,VSQ,,BH,2660,
,1878,,,,VSQ,,BH,2662,
,1879,,,,VSQ,,BH,2664,
,1881,,,,VSQ,,BH,2666,
,1882,,,,VSQ,,BH,2668,
,1883,,,,VSQ,,BH,2670,
,1884,,,,VSQ,,BH,2672,
,1885,,,,VSQ,,BH,2674,
,1826,,,,VSQ,,BH,2572,
,1827,,,,VSQ,,BH,2574,
,1828,,,,VSQ,,BH,2576,
,1829,,,,VSQ,,BH,2578,
,1891,,,,VSR,,BJ,2678,
,1892,,,,VSR,,BJ,2680,X
,1893,,,,VSR,,BJ,2682,
,1894,,,,VSR,,BJ,2684,
,1895,,,,VSR,,BJ,2686,
,1896,,,,VSR,,BJ,2688,
,1897,,,,VSR,,BJ,2690,
,1901,,,,VSR,,BJ,2692,
,,,,,,,,,
,1903,,,,VSR,,BJ,2696,
,1904,,,,VSR,,BJ,2698,
,1912,,,,VSR,,BJ,2702,
,2254,,,,vst,,,2989,X
,1914,,,,VSR,,BJ,2706,
,1915,,,,VSR,,BJ,2708,
,1916,,,,VSR,,BJ,2710,X
,1917,,,,VSR,,BJ,2712,
,1921,,,,VSR,,BJ,2714,
,1922,,,,VSR,,BJ,2716,
,1923,,,,VSR,,BJ,2718,
,1931,,,,VSR,,BJ,2722,
,1932,,,,VSR,,BJ,2724,
,1933,,,,VSR,,BJ,2726,X
,1934,,,,VSR,,BJ,2728,
,1935,,,,VSR,,BJ,2730,
,1936,,,,VSR,,BJ,2732,
,1937,,,,VSR,,BJ,2734,
,1941,,,,VSR,,BJ,2736,
,1942,,,,VSR,,BJ,2738,
,1943,,,,VSR,,BJ,2740,
,1944,,,,VSR,,BJ,2742,X
,1951,,,,VSR,,BJ,2744,
,1952,,,,VSR,,BJ,2746,
,1953,,,,VSR,,BJ,2748,
,1954,,,,VSR,,BJ,2750,X
,1955,,,,VSR,,BJ,2752,X
,1956,,,,VSR,,BJ,2754,
,1957,,,,VSR,,BJ,2756,
,1961,,,,VSR,,BJ,2758,
,1962,,,,VSR,,BJ,2760,
,1963,,,,VSR,,BJ,2762,X
,1964,,,,VSR,,BJ,2764,
,1971,,,,VSS,,BL,2768,
,1972,,,,VSS,,BL,2770,
,1973,,,,VSS,,BL,2772,
,1974,,,,VSS,,BL,2774,
,1975,,,,VSS,,BL,2776,
,1976,,,,VSS,,BL,2778,
,1977,,,,VSS,,BL,2780,
,1978,,,,VSS,,BL,2782,
,1980,,,,VSS,,BL,2784,
,1981,,,,VSS,,BL,2786,
,1982,,,,VSS,,BL,2788,
,1983,,,,VSS,,BL,2790,
,1984,,,,VSS,,BL,2792,
,1985,,,,VSS,,BL,2794,
,1986,,,,VSS,,BL,2796,
,2431,,,,VST,,,2996,x
,1988,,,,VSS,,BL,2800,
,1991,,,,VSS,,BL,2802,
,1992,,,,VSS,,BL,2804,
,1993,,,,VSS,,BL,2806,
,1994,,,,VSS,,BL,2808,
,1995,,,,VSS,,BL,2810,
,1996,,,,VSS,,BL,2812,
,1997,,,,VSS,,BL,2813,
,1998,,,,VSS,,BL,2814,
,2000,,,,VSS,,BL,2816,X
,2001,,,,VSS,,BL,2818,
,2002,,,,VSS,,BL,2820,
,2003,,,,VSS,,BL,2822,X
,2004,,,,VSS,,BL,2824,X
,2005,,,,VSS,,BL,2826,
,2006,,,,VSS,,BL,2828,
,2007,,,,VSS,,BL,2830,
,2008,,,,VSS,,BL,2832,
,2011,,,,VSS,,BL,2834,X
,2012,,,,VSS,,BL,2836,X
,2013,,,,VSS,,BL,2838,X
,2014,,,,VSS,,BL,2840,
,2015,,,,VSS,,BL,2842,
,2016,,,,VSS,,BL,2844,
,2017,,,,VSS,,BL,2846,X
,2018,,,,VSS,,BL,2848,
,2020,,,,VSS,,BL,2850,
,2021,,,,VSS,,BL,2852,
,2022,,,,VSS,,BL,2854,
,2023,,,,VSS,,BL,2856,
,2024,,,,VSS,,BL,2858,
,2401,,,,VSS,,,2885,X
,2026,,,,VSS,,BL,2862,
,2027,,,,VSS,,BL,2864,
,2028,,,,VSS,,BL,2866,
,2031,,,,VSS,,BL,2868,
,2032,,,,VSS,,BL,2870,
,2033,,,,VSS,,BL,2872,
,2034,,,,VSS,,BL,2874,
,2035,,,,VSS,,BL,2876,
,2036,,,,VSS,,BL,2878,
,2037,,,,VSS,,BL,2880,
,2038,,,,VSS,,BL,2882,
,2040,,,,VSS,,BL,2884,
,2041,,,,VSS,,BL,2886,
,2042,,,,VSS,,BL,2888,
,2882,,,,VST,,,6705,x
,2044,,,,VSS,,BL,2892,
,2045,,,,VSS,,BL,2894,X
,2046,,,,VSS,,BL,2896,
,2047,,,,VSS,,BL,2898,
,2048,,,,VSS,,BL,2900,
,2051,,,,VST,,BN,2904,
,2865,,,,VST,,,3003,X
,2053,,,,VST,,BN,2908,
,2054,,,,VST,,BN,2910,
,2055,,,,VST,,BN,2912,
,2056,,,,VST,,BN,2914,
,2057,,,,VST,,BN,2916,
,2058,,,,VST,,BN,2918,
,2059,,,,VST,,BN,2920,
,2061,,,,VST,,BN,2922,
,2062,,,,VST,,BN,2924,
,2063,,,,VST,,BN,2926,
,2064,,,,VST,,BN,2928,
,2071,,,,VST,,BN,2930,
,2072,,,,VST,,BN,2932,
,2073,,,,VST,,BN,2934,
,2074,,,,VST,,BN,2936,
,2075,,,,VST,,BN,2938,
,2076,,,,VST,,BN,2940,
,2077,,,,VST,,BN,2942,
,2078,,,,VST,,BN,2944,
,2079,,,,VST,,BN,2946,
,2265,,,,VST,,,2991,X
,2082,,,,VST,,BN,2950,
,2083,,,,VST,,BN,2952,
,2084,,,,VST,,BN,2954,
,2091,,,,VST,,BN,2956,x
,2092,,,,VST,,BN,2958,
,]093,,,,VST,,BN,2960,
,2094,,,,VST,,BN,2862,
,2095,,,,VST,,BN,2964,X
,2096,,,,VST,,BN,2966,
,2097,,,,VST,,BN,2968,
,2098,,,,VST,,BN,2970,
,2099,,,,VST,,BN,2972,
,2101,,,,VST,,BN,2974,
,2102,,,,VST,,BN,2976,
,2103,,,,VST,,BN,2978,
,2104,,,,VST,,BN,2980,
,2111,,,,VST,,BN,2982,
,2112,,,,VST,,BN,2984,
,2113,,,,VST,,BN,2986,
,2114,,,,VST,,BN,2969,X
,2115,,,,VST,,BN,2990,
,2116,,,,VST,,BN,2992,
,2117,,,,VST,,BN,2975,X
,2118,,,,VST,,BN,2996,
,2119,,,,VST,,BN,2998,
,2121,,,,VST,,BN,3000,
,2122,,,,VST,,BN,3002,
,2123,,,,VST,,BN,3004,
,2124,,,,VST,,BN,3006,
,END PO O,,,,VSO,XXXXXXXX,BC,2134,x
,END PO P,,,,VSP,XXXXXXXX,BE,2328,X
,END PO Q,,,,VSQ,XXXXXXXX,BG,2482,x
,END PO R,,,,VSR,XXXXXXXX,BI,2676,X
,END PO S,,,,VSS,XXXXXXXX,BK,2766,X
,END PO T,,,,VST,XXXXXXXX,BM,2902,X
,1606,,,,VSO,,BZ,,
,1449,,,,VSN,,BV,,
,176,,,,VSB,,AX,,
,2341,,,,VST,,,2993,x
,223,,,,VSB,,AX,,
,747,,,,VSH,,BJ,,
,328,,,,VSC,,AZ,,
,194,,,,VSB,,,329,
,2551,,,,VST,,,2994,x
,DRAWER C,,,,VSA,X,AV,,
,2142,,,,VST,,,2978,x
,481,,,,VSE,,,724,x
,2474,,,,VST,,,2997,X
,2259,,,,VST,,,2990,x
