FIRST NAME,LAST NAME,STREET OR RURAL ROUTE,PO BOX NO.,RURAL BOX NO.,CITY,STATE,ZIP,SUBSCRIPTION TYPE (6/12 MOS.),EXPIRATION DATE Y/M/D,TELEPHONE,SORT CODE,WALK SEQUENCE,CITY CODE,ZONE,LEVEL,Renewal Date
JOHN H,JOHNSON,3880 N OLD RIVER RD,,,MT VERNON,GA,30445,12,14-09-03,,6,3560,,SCF,C,08/20/13
TAMMY,STILLE,206 MAGNOLIA CRESCENT DR,,,SYLVANIA,GA,30467,12,14-04-25,,6,5631,,SCF,A,03/18/14
SWAINSBORO,NEWSPAPERS,VIDALIA NEWSPAPERS 30474,########,########,###  D ######,GA,30401,,,,6,5200,,0,0,
SWAINSBORO GA,304 ****************,VIDALIA NEWSPAPERS 30474,********,********,********************,GA,30401,,,,6,5300,,0,0,
JEFFERY,PAGE,480 GALLBERRY LANE,,,TARRYTOWN,GA,30470,12,14-05-26,,6,4825,,SCF,C,04/23/13
THE BLADE,,,PO BOX,938,SWAINSBORO,GA,30401,ex,,,6,5240,,SCF,B,02/02/99
STERLING,SKINNER,,P O BOX,34,AILEY,GA,30410,12,15-02-07,,6,4055,,SCF,B,01/21/14
JAMES,POOLE,923 GRIMM AVENUE,,,MILLEN,GA,30442,12,14-07-12,,6,5570,,SCF,A,06/18/13
JOYCE,SKAGGS,357 OVID RD,,,AILEY,GA,30410,06,14-07-11,,6,3675,,SCF,C,12/19/13
ALMA M,TURNER,,PO BOX,620,UVALDA,GA,30473,24,15-06-05,,6,245,,SCF,B,06/18/13
JERRILYN,HURST,,P O BOX,323,MT VERNON,GA,30445,12,14-07-14,,6,3329,,SCF,C,06/18/13
LEE,BURTON,305 BEN POWELL RD,,,UVALDA,GA,30473,12,14-11-21,,6,860,,SCF,C,12/19/13
PAM,WATERS,THE GLENNVILLE SENTINEL,PO BOX,218,GLENNVILLE,GA,30427,ex,,,6,5590,,SCF,A,02/02/99
F M,LOWERY,705 MYRTLE ST,,,UVALDA,GA,30473,12,14-12-30,,6,500,,SCF,B,11/19/13
RE & HT,NIELSEN,1844 GEORGE DAVIS RD,,,UVALDA,GA,30473,12,15-01-05,,6,3010,,SCF,C,12/19/13
LINDA,FILIPPONE,1626 MT VERNON-ALSTON RD,,,AILEY,GA,30410,12,14-06-26,,6,3777,,SCF,C,
ETTA MAE,COPEDGE,4436 GA HWY 135,,,AILEY,GA,30410,12,14-10-14,,6,3755,,SCF,C,09/24/13
WAYNE,BRADDY,27 SWEET ONION RD,,,TARRYTOWN,GA,30470,12,14-08-04,,6,4720,,SCF,C,08/20/13
DEBORAH,CLARK,161 DOUBLETREE RD,,,ALAMO,GA,30411,24,14-11-07,,6,5721,,SCF,B,10/22/13
DEWEY,CLARK,65 DEWEY CLARK LANE,,,REIDSVILLE,GA,30453,12,15-01-14,,6,4560,,SCF,B,12/19/13
MARY,CLARK,406 ALTON RD,,,AILEY,GA,30410,12,14-10-10,,6,3910,,SCF,C,09/24/13
DOUG,O'NEAL,215 J P WILLIAMS RD,,,UVALDA,GA,30473,12,15-03-27,,6,1076,,SCF,C,02/18/14
PAUL,UNDERWOOD,,P O BOX,190,AILEY,GA,30410,12,15-01-18,,6,4170,,SCF,B,12/19/13
,,,,,,,,,,,,,,,,
ALATHA,LAWRENCE,555 PETERSON ROAD,,,AILEY,GA,30410,12,15-04-12,,6,3676,,SCF,C,
RAY/BEVERLY,PAGE              SR,121 FIRST ST,,,TARRYTOWN,GA,30470,12,14-12-19,,6,4832,,SCF,C,11/19/13
WILLIAM,SMITH             SR,,P O BOX,136,TARRYTOWN,GA,30470,12,15-02-04,,6,4705,,SCF,B,01/21/14
WADE M,ARNOLD            SR,5664 CEDAR CROSSING-VIDALIA RD,,,UVALDA,GA,30473,12,15-03-28,,6,1055,,SCF,C,02/18/14
SARA,HITCHCOCK         SR,739 B HITCHCOCK RD,,,UVALDA,GA,30473,09,14-10-02,,6,1019,,SCF,C,12/19/13
BUDDY,MOSLEY            SR,896 MOSLEY LANE,,,UVALDA,GA,30473,12,14-07-18,,6,2085,,SCF,C,07/18/13
MELISSA,WATERS,1057573  BUNK A-36 EMANUEL WF,P O BOX,218,SWAINSBORO,GA,30401,12,14-06-13,,6,5271,,SCF,B,06/18/13
PAMELA,LAVENDER,201 COUNTRY CLUB RD,,,STATESBORO,GA,30458,16,14-09-27,,6,5422,,SCF,B,
CLAXTON,ENTERPRISE,,,,CLAXTON,GA,30417,ex,,,6,5740,,SCF,A,
ROBERT,CORLEY,,P O BOX,203,ALSTON,GA,30412,12,15-02-21,,6,3160,,SCF,B,01/21/14
SHIRLEY CLIFTON,ROBERSON,,PO BOX,7,ALSTON,GA,30412,12,14-12-01,,6,3100,,SCF,B,11/19/13
THE,TELEPHONE,,P O BOX,10,SYLVANIA,GA,30467,ex,,,6,5640,,SCF,A,
RAY,MORRIS,682 MCNATT FALLS ROAD,,,UVALDA,GA,30473,12,14-04-13,,6,355,,SCF,C,03/18/14
WAYNE,HILTON,400 GEORGE HILTON LANE,,,SOPERTON,GA,30457,12,14-07-23,,6,4340,,SCF,B,07/18/13
SANDRA,BROWN,,P O BOX,272,ALAMO,GA,30411,24,15-06-13,,6,5531,,SCF,A,05/21/13
GARY,USHER,,P O BOX,632,GLENWOOD,GA,30428,12,14-10-21,,6,5043,,SCF,B,10/22/13
JOHN,WALDREP,180 MORRIS RD,,,AILEY,GA,30410,12,15-01-15,,6,3676,,SCF,C,
JEAN,BECKWORTH,153 INJUNCTION RD,,,SWAINSBORO,GA,30401,12,14-12-10,,6,5270,,SCF,B,11/19/13
AILEY CITY DEL,30410 **************,VIDALIA NEWSPAPERS ***********,********,********,********************,,,,,,6,4030,,0,0,
THE SUNSHINE,HOUSE,,P O BOX,617,SWAINSBORO,GA,30401,12,15-02-09,,6,5230,,SCF,B,01/21/14
SHIRLEY,WILLIAMS          SR,,P O BOX,35,UVALDA,GA,30473,12,14-09-19,,6,40,,SCF,B,08/20/13
E C,MONCUS,,PO BOX,42,AILEY,GA,30410,12,15-03-29,,6,4090,,SCF,B,02/18/14
L C,WILLIAMS,,PO BOX,126,AILEY,GA,30410,12,15-01-31,,6,4140,,SCF,B,12/19/13
MAX,BISHOP,,PO BOX,38,AILEY,GA,30410,12,14-11-15,,6,4070,,SCF,B,10/22/13
SHELBY,JACKSON,202 CONE ST,,,AILEY,GA,30410,12,14-07-21,,6,3871,,SCF,C,06/18/13
ROBERT,BOLDEN,111 SHARPES CEMETERY RD,,,UVALDA,GA,30473,12,14-06-15,,6,2058,,SCF,C,05/21/13
JAN,EDENFIELD,1064 CARTRETTE RD,,,AILEY,GA,30410,12,14-07-14,,6,3724,,SCF,C,06/18/13
LAVERNE,WOMMACK           SR,573 JACK O'NEAL RD,,,UVALDA,GA,30473,12,15-03-10,,6,2020,,SCF,C,03/18/14
W L,COURSON,509 HITCHCOCK RD,,,UVALDA,GA,30473,12,14-11-08,,6,970,,SCF,C,11/19/13
RAY NITA,STEWART,,PO BOX,118,AILEY,GA,30410,12,14-12-23,,6,4130,,SCF,B,11/19/13
MILDRED,TAYLOR            SR,370 CARTRETTE RD,,,AILEY,GA,30410,12,15-01-26,,6,3720,,SCF,C,12/19/13
JOHN,MCDONALD,6896 THOMPSON POND RD,,,TARRYTOWN,GA,30470,12,14-03-20,,6,4830,,SCF,C,03/18/14
BILLY RAY,HILL              SR,806 FIRE LANE ROAD,,,AILEY,GA,30410,12,14-09-16,,6,3922,,SCF,C,08/20/13
MRS. ALFRED,CHEEK,428 SOUTH JOHNSON ST,,,MT VERNON,GA,30445,12,14-06-09,,6,3558,,SCF,C,05/21/13
AILEY RT 1,30410        #######,VIDALIA NEWSPAPERS 30474   ###,########,########,##  B  #############,,,,,,6,3640,,0,0,
ELISE,FOUNTAIN,,P O BOX,334,MT VERNON,GA,30445,12,14-06-15,,6,3330,,SCF,B,05/21/13
WADE,CARPENTER,,P O BOX,164,UVALDA,GA,30473,12,14-12-04,,6,62,,SCF,B,11/19/13
BETTY,CLARK,,PO BOX,453,UVALDA,GA,30473,12,15-02-28,,6,205,,SCF,B,01/21/14
BETTY RUTH,DIXON             SR,127 CLARKS BLUFF RD,,,GLENWOOD,GA,30428,12,14-08-12,,6,5050,,SCF,B,07/18/13
KIRK,HARRELL,,P O BOX,11,SOPERTON,GA,30457,12,14-06-01,,6,4220,,SCF,B,05/21/13
LYMAN,ADAMS,1967 SMYRNA RD,,,UVALDA,GA,30473,12,14-07-28,,6,311,,SCF,C,06/18/13
H A,BIVINS,129 MCCALLUM LN,,,AILEY,GA,30410,12,14-09-13,583-2420,6,3670,,SCF,C,08/20/13
TERRI,POWELL,6115 GA HWY 15,,,SOPERTON,GA,30457,12,14-10-17,,6,4325,,SCF,B,10/22/13
FLORENCE,TAYLOR            SR,572 COLLIE WILLIAMS RD,,,UVALDA,GA,30473,12,15-01-23,,6,1075,,SCF,C,12/19/13
BOBBY,MOORE,747 MOORE RD,,,AILEY,GA,30410,24,14-07-11,,6,3990,,SCF,C,06/19/12
VONDELL,MCNAIR,874 LIVE OAK ST,,,COLLINS,GA,30421,12,14-10-04,,6,5170,,SCF,A,09/24/13
JOSEPH,BARR,358 HENRY WOLF RD,,,UVALDA,GA,30473,12,15-03-10,,6,1005,,SCF,C,02/18/14
JEAN,MILLER,179 OSCAR MILLER RD,,,UVALDA,GA,30473,12,15-02-04,,6,680,,SCF,C,01/21/14
DONNA,CORNELL,,P O BOX,2024,REIDSVILLE,GA,30453,12,14-10-30,,6,4651,,SCF,B,
DOUGLAS,MOSLEY,3978 GA HWY 298,,,SOPERTON,GA,30457,12,15-02-16,,6,4330,,SCF,B,01/21/14
MAE R,JONES,203 JONES RD,,,UVALDA,GA,30473,12,14-06-20,,6,3030,,SCF,C,05/21/13
MARTHA Y,THIGPEN,297 W BROAD ST,,,AILEY,GA,30410,12,14-07-28,,6,3760,,SCF,C,06/18/13
T F SMITH,TRUCKING,707 E CHURCH ST,,,MT VERNON,GA,30445,12,14-07-11,,6,3450,,SCF,C,06/18/13
RUDOLPH,BRINSON,830 CARTRETTE RD,,,AILEY,GA,30410,12,15-02-11,,6,3722,,SCF,C,01/21/14
RUTH,STEWART,835 OLD MOUNT VERNON-UVALDA RD,,,MT VERNON,GA,30445,12,15-03-26,,6,3520,,SCF,C,02/18/14
MRS BABS,CRAFT             SR,,PO BOX,11,UVALDA,GA,30473,10,15-01-24,,6,20,,SCF,B,02/18/14
JACKIE,VINK,7 SOUTH SPRING ST,,,CLAXTON,GA,30417,12,14-08-29,,6,5470,,SCF,A,07/18/13
EAST GA COLLEGE,LIBRARY,131 COLLEGE CIRCLE,,,SWAINSBORO,GA,30401,12,15-06-11,,6,5280,,SCF,B,
ELBERT,REYNOLDS          SR,3285 GIBBS BRIDGE RD,,,UVALDA,GA,30473,12,15-02-05,,6,349,,SCF,C,
LAURA,MEMROY,4163 GA HWY 29,,,TARRYTOWN,GA,30470,12,14-09-28,,6,4764,,SCF,C,08/20/13
PEGGY,SURLES,603 S LEROY ST,,,METTER,GA,30439,12,14-09-13,,6,4962,,SCF,B,09/24/13
CHRIS,OUTLER,,PO BOX,10,ALSTON,GA,30412,12,15-01-07,,6,3110,,SCF,B,12/19/13
SARA/BERNIE,CONOWAY,610 ISLE OF HOPE RD,,,UVALDA,GA,30473,12,14-12-26,,6,320,,SCF,C,11/19/13
ROY,HITCHCOCK,595 HITCHCOCK RD,,,UVALDA,GA,30473,12,14-04-22,594-6948,6,960,,SCF,C,03/18/14
JUANITA,BULLARD,219 MILES RD,,,UVALDA,GA,30473,12,14-10-30,,6,880,,SCF,C,09/24/13
WHEELER CO,STATE BANK,,PO BOX,408,ALAMO,GA,30411,12,15-03-14,,6,5710,,SCF,A,02/18/14
ALSTON  30412,####################,VIDALIA NEWSPAPERS  ##########,########,########,####################,,,,,,6,3090,,0,0,
CURTIS,O'NEAL,1024 BROWNING RD,,,AILEY,GA,30410,12,14-04-11,,6,3770,,SCF,C,03/18/14
BLANCHE,CARSWELL,,PO BOX,194,ALSTON,GA,30412,12,14-04-17,594-6844,6,3150,,SCF,B,03/18/14
LENA,BOURGEOIS,350 HICKY HOLLOW LANE,,,COLLINS,GA,30421,12,14-05-11,,6,5110,,SCF,A,04/23/13
BETTY JO,FOUNTAIN,165 E COLLEGE ST,,,MT VERNON,GA,30445,11,14-05-24,,6,3390,,SCF,C,04/23/13
CHARLES,DAVIS,,P O BOX,55,AILEY,GA,30410,12,14-07-21,,6,4091,,SCF,B,06/18/13
NITA,MOATE,,P O BOX,64,MT VERNON,GA,30445,12,14-04-08,,6,3200,,SCF,B,03/18/14
WILLIAM,BLACK,,P O BOX,211,MT VERNON,GA,30445,12,14-12-19,,6,3289,,SCF,C,12/19/13
SOUTHEASTERN,TECH,346 KITE RD,,,SWAINSBORO,GA,30401,12,14-07-24,,6,5281,,SCF,B,07/17/13
WADE,THRELKELD,,P O BOX,516,REIDSVILLE,GA,30453,12,14-10-03,,6,4635,,SCF,B,09/24/13
JENNELL,EVANS             SR,973 DURHAM MOSLEY RD,,,UVALDA,GA,30473,12,14-06-13,,6,2081,,SCF,C,05/21/13
RYAN,KIGHT,3395 MIDWAY CHURCH RD,,,SOPERTON,GA,30457,12,14-11-14,,6,4320,,SCF,B,10/22/13
JIM,MOCK,610 E DOBBINS ST,,,MT VERNON,GA,30445,12,14-05-22,,6,3422,,SCF,C,
PINE COUNTRY,RESOURCE AREA INC,1905 MLK JR DRIVE,SUITE C,,SOPERTON,GA,30457,12,14-10-05,,6,4265,,SCF,B,09/24/13
THOMAS,MEDLOCK,5360 HWY 292,,,COLLINS,GA,30421,12,14-12-14,693-7455,6,5100,,SCF,C,11/19/13
HAROLD,MOBLEY,3502 S RIVER RD,,,UVALDA,GA,30473,12,14-11-20,,6,470,,SCF,C,
GLENNWOOD,30428  *************,VIDALIA NEWSPAPERS 30474 *****,********,********,********************,,,,,,6,5000,,0,0,
MONTGOMERY CO,HIGH,701 C DOBBINS ST,JANICE,MOCK,AILEY,GA,30410,ex,,,6,3850,,SCF,C,11/16/04
JOB TRAINING,"UNLIMITED, INC",,P O BOX,906,CLAXTON,GA,30417,12,14-09-11,,6,5510,,SCF,A,08/20/13
BILLY,KENNEDY,1199 GLENN H SIKES RD,,,COBBTOWN,GA,30420,12,15-03-13,,6,5394,,SCF,A,02/18/14
GARY,MATTHEWS,,P O BOX,1,MT VERNON,GA,30445,12,14-07-07,,6,3185,,SCF,B,07/18/13
DELTON,BRIDGES,5314 SECRET FOREST RD,,,SOPERTON,GA,30457,12,15-03-05,,6,4345,,SCF,B,02/18/14
JAMES,DAYS,,P O BOX,522,MT VERNON,GA,30445,12,14-07-21,,6,3346,,SCF,C,06/18/13
ELOISE,BRANCH,252 BRANCH BLUFF RD,,,REIDSVILLE,GA,30453,12,14-10-23,,6,4565,,SCF,B,10/22/13
JOINER,FURNITURE STORE,,PO BOX,338,GLENWOOD,GA,30428,12,14-05-11,,6,5010,,SCF,B,04/23/13
JANNIFER,RAMEY,3656 MT VERNON-ALSTON RD,,,MT VERNON,GA,30445,12,14-10-19,,6,3520,,SCF,C,10/22/13
METTER TOWN,& COUNTRY NEWS,15 S ROUNDTREE ST,,,METTER,GA,30439,ex,,,6,4970,,SCF,B,
METTER,NEWSPAPERS 30439,VIDALIA NEWSPAPERS 30474 *****,********,********,********************,,,,,,6,4950,,0,0,
MT VERNON CITY,DELIVERY 30445,VIDALIA NEWSPAPERS 30474,########,########,####################,,,,,,6,3180,,0,0,
MT VERNON RURAL,ROUTE 1 30445 ******,VIDALIA NEWSPAPERS 30474,********,********,********************,,,,,,6,3370,,0,0,
DALE,CLARK,,P O BOX,272,UVALDA,GA,30473,12,14-10-12,,6,150,,SCF,C,09/24/13
LEIGH ANN,WALDEN,615 ROSEMONT CHURCH RD,,,SOPERTON,GA,30457,12,15-03-09,,6,4300,,SCF,B,02/18/14
JAN,KENNEDY,8307 HWY 280 EAST,,,COLLINS,GA,30421,12,14-03-13,,6,5131,,SCF,A,03/18/14
LLUUANA,WRIGHT,4675 VIDALIA-CEDAR CROSSING RD,,,UVALDA,GA,30473,12,14-07-29,,6,1080,,SCF,C,06/18/13
JACKIE,THOMPSON,1316 MT VERNON-ALSTON RD,,,AILEY,GA,30410,12,14-09-28,,6,3820,,SCF,C,08/20/13
REX,JOHNSON           SR,789 B HITCHCOCK RD,,,UVALDA,GA,30473,12,14-12-13,,6,1010,,SCF,C,11/19/13
VELTA,TOOLE,401 HITCHCOCK RD,,,UVALDA,GA,30473,12,14-03-13,,6,995,,SCF,C,03/18/14
SHARON,HENRY,1011 KELLY AVE,,,SOPERTON,GA,30457,12,15-03-02,,6,4250,,SCF,B,02/18/14
CLIFFORD,"MCKIE, SR",536 BELLS FERRY RD,,,UVALDA,GA,30473,12,14-09-12,,6,475,,SCF,C,08/20/13
HELEN,BRADDY            SR,2451 BOB SHARPE RD,,,AILEY,GA,30410,12,14-05-13,,6,3710,,SCF,C,04/23/13
MARY L,HOWARD,,P O BOX,33,AILEY,GA,30410,12,15-01-28,,6,4053,,SCF,C,12/19/13
RUTH,HOCHTETLER,2395 HWY 221 N,,,MT VERNON,GA,30445,12,14-10-14,,6,3619,,SCF,C,
ETHLYN,DURDEN            SR,318 JOHNSON ST,,,MT VERNON,GA,30445,12,14-08-15,,6,3470,,SCF,C,08/20/13
MONTGOMERY,PROPERTIES,,P O BOX,117,AILEY,GA,30410,12,14-11-12,,6,4120,,SCF,B,10/22/13
FRED,WILSON            SR,835 MCNATT FALLS RD,,,UVALDA,GA,30473,12,14-11-14,,6,370,,SCF,C,10/22/13
DON,CALHOUN,737 BRADDY RD,,,AILEY,GA,30410,12,14-07-18,,6,3951,,SCF,C,07/18/13
CELIA,BRINSON,6786 OLD LOUISVILLE RD,,,TARRYTOWN,GA,30470,12,15-02-20,,6,4730,,SCF,C,01/21/14
REECE,MINCEY,3116 GA HWY 56 W,,,UVALDA,GA,30473,12,14-05-09,,6,580,,SCF,C,04/23/13
ULYSEES,BELL,600 OLD DAIRY RD,,,AILEY,GA,30410,12,14-10-27,,6,3930,,SCF,C,09/24/13
HUDMAN,MOCK              SR,635 MASON ST. SO.,,,MT VERNON,GA,30445,12,14-03-08,,6,3490,,SCF,B,03/18/14
DYWANE,PITTMAN,2204 GA HWY 56 W,,,UVALDA,GA,30473,12,14-04-02,,6,660,,SCF,C,03/18/14
J. PAUL,PALMER,2345 OLD KIBBEE RD N,,,TARRYTOWN,GA,30470,12,14-04-30,,6,4820,,SCF,C,03/18/14
PAULA,JONES,754 OLD SAVANNAH RD,,,AILEY,GA,30410,12,15-02-28,,6,3875,,SCF,C,01/21/14
JANICE MOCK,MCHS MEDIA CTR,701-C DOBBINS ST,,,MT VERNON,GA,30445,ex,,,6,3421,,SCF,C,
EMMETT,MANNING           SR,3643 N OLD RIVER RD,,,MT VERNON,GA,30445,24,14-06-16,,6,3560,,SCF,C,05/22/12
LARRY,COLLINS,21 LARRY COLLINS RD,,,COLLINS,GA,30421,12,15-01-15,,6,5136,,SCF,A,
LESTER,CLARK             SR,1949 SMYRNA RD,,,UVALDA,GA,30473,12,15-01-25,,6,310,,SCF,C,12/19/13
PAT,OUTLER,453 OUTLER ROAD,,,MT VERNON,GA,30445,12,14-06-09,,6,3553,,SCF,C,05/21/13
COLLINS GA,30421  *************,VIDALIA NEWSPAPERS,********,********,********************,,,,,,6,5080,,0,0,
JOEL,HITCHCOCK,2978 GA HWY 56 W,,,UVALDA,GA,30473,12,15-03-14,,6,600,,SCF,C,02/18/14
DONALD,AVERY,630 E AVERY ST,,,MT VERNON,GA,30445-9723,12,15-03-07,,6,3460,,SCF,C,02/18/14
CHARLES,DENNARD           SR,,P O BOX,166,UVALDA,GA,30473,12,14-06-29,,6,65,,SCF,B,06/18/13
FLOYD,KRAMER            SR,1438 OLD RIVER RD,,,UVALDA,GA,30473,12,15-03-16,,6,850,,SCF,C,02/18/14
JOHN W,MCARTHUR,2404 MCGREGOR-ALSTON RD,,,AILEY,GA,30410,12,15-02-12,,6,3660,,SCF,C,01/21/14
ROSA LEE,RINER             SR,248 W B BRADDOCK RD,,,UVALDA,GA,30473,12,15-03-03,,6,750,,SCF,C,02/18/14
WANNELL,COLLINS           SR,3749 HWY 221 N,,,MT VERNON,GA,30445,12,15-03-04,,6,3620,,SCF,C,02/18/14
PATTY,BARNHILL,1200 OLD LOUISVILLE RD,,,TARRYTOWN,GA,30470,12,14-04-16,,6,4755,,SCF,C,03/18/14
TED,HARTLEY,,P O BOX,127,ALAMO,GA,30411,12,14-06-09,,6,5530,,SCF,A,06/18/13
JAMES,SPIVEY,9047 GA HWY 46,,,SOPERTON,GA,30457,12,14-06-22,,6,4275,,SCF,B,05/21/13
MICHELLE,WOODS,EAST GEORGIA REGIONAL MED CTR,1499,FAIR RD,STATESBORO,GA,30458,12,14-04-24,,6,5361,,SCF,B,03/18/14
FRANKLIN,BRANTLEY,757 CONAWAY-MCDONALD RD,,,TARRYTOWN,GA,30470,12,14-07-07,,6,4780,,SCF,C,07/18/13
BROADUS,PITTMAN           SR,119 OLD RIVER RD,,,UVALDA,GA,30473,24,15-10-13,,6,830,,SCF,C,09/19/12
ROGER MICHAEL,EDWARDS,615 W COLLEGE ST,,,MT VERNON,GA,30445-9627,12,14-09-24,583-4453,6,3410,,SCF,C,08/20/13
REIDSVILLE,30453  *************,VIDALIA NEWSPAPERS 30474,********,********,********************,,,,,,6,4500,,0,0,
RABUN D,PHILLIPS,968 EDWIN PHILLIPS RD,,,REIDSVILLE,GA,30453,12,14-04-01,,6,4550,,SCF,B,03/18/14
FAYE,WILCOX,3450 MT VERNON-ALSTON RD,,,MT VERNON,GA,30445,12,14-06-09,,6,3521,,SCF,C,05/21/13
SHELBY,KEA               SR,237 LAWRENCE SHARPE RD,,,UVALDA,GA,30473,12,15-03-13,,6,1077,,SCF,C,02/18/14
FRANK,GORLEY,1700 PETROSS RD,,,AILEY,GA,30410,12,14-08-18,,6,3715,,SCF,C,07/18/13
ED,DRIGGERS          SR,,PO BOX,416,REIDSVILLE,GA,30453,12,14-05-22,684-4908,6,4615,,SCF,B,05/21/13
GARY,MARTIN,213 UNDERWOOD DR,,,UVALDA,GA,30473,12,14-04-02,,6,270,,SCF,C,03/18/14
CONNIE,BROWN,3565 GA HWY 135,,,AILEY,GA,30410,12,14-04-16,,6,3727,,SCF,C,03/18/14
CANOOCHEE,EMC,,P O BOX,487,REIDSVILLE,GA,30453,12,14-04-28,,6,4630,,SCF,B,03/18/14
MONTGOMERY CTY,FARM BUREAU,,P O BOX,291,MT VERNON,GA,30445,12,14-06-16,,6,3311,,SCF,C,06/18/13
TATTNALL,JOURNAL,,PO BOX,278,REIDSVILLE,GA,30453,,,,6,4610,,SCF,B,
LOUISE,KRAMER,719 HILLWOOD DR,,,STATESBORO,GA,30458,12,14-10-03,,6,5360,,SCF,B,09/24/13
JOE,MCGLAMORY,,PO BOX,888,STATESBORO,GA,30459,ex,,,6,5660,,SCF,A,
SOPERTON GA,30457 **************,VIDALIA NEWSPAPERS 30474,********,********,********************,,,,,,6,4210,,0,0,
GILBERT,ANDERSON,1429 BUD JORDAN ROAD,,,UVALDA,GA,30473,12,14-09-21,,6,770,,SCF,C,08/20/13
ROBERT,LIVELY            SR,319 EASON AVE,,,COLLINS,GA,30421,12,14-04-09,,6,5115,,SCF,A,03/18/14
AUDREY,KENNEDY,2647 MARCUS NOBLES RD NE,,,GLENNVILLE,GA,30427,06,14-06-14,,6,5410,,SCF,A,11/19/13
AL,MANNING,,P O BOX,242,UVALDA,GA,30473,12,14-11-18,,6,130,,SCF,B,10/22/13
NOAH,BOYETTE           SR,50 HORSESHOE BEND,,,SOPERTON,GA,30457,12,14-12-22,,6,4280,,SCF,B,11/19/13
JIM,GILLIS,,PO BOX,80,SOPERTON,GA,30457,06,14-09-27,,6,4230,,SCF,B,02/18/14
MICHAEL,DEES,5885 CEDAR CROSSING-VID RD,,,UVALDA,GA,30473,12,14-05-15,,6,1050,,SCF,C,04/18/12
ALMA,GRUBBS,2097 PETROSS RD,,,AILEY,GA,30410,12,14-12-24,,6,3920,,SCF,C,11/19/13
WILLIAM,PETERSON,,PO BOX,47,SOPERTON,GA,30457,12,14-12-11,529-4421,6,4225,,SCF,B,11/19/13
NINA,THOMPSON,,P O BOX,601,MT VERNON,GA,30445,12,14-05-16,,6,3348,,SCF,B,04/23/13
WHEELER CO,LIBRARY,,P O BOX,428,ALAMO,GA,30411,12,15-01-12,,6,5711,,SCF,A,12/19/13
JOHN,ELLINGTON,,PO BOX,636,SOPERTON,GA,30457,12,14-07-19,,6,4240,,SCF,B,06/18/13
DAVID,AVERY,1094 MORGAN LANE,,,SOPERTON,GA,30457,12,14-09-26,,6,4260,,SCF,B,08/20/13
JAN T,WILKES,160 NAILS RD,,,AILEY,GA,30410,12,14-08-22,,6,3785,,SCF,C,07/18/13
UVALDA RURAL,ROUTE 1,VIDALIA NEWSPAPERS 30474 #####,########,########,,,,,,,6,519,,0,0,
WYMAN,HAMMOCK,8030 BURKHALTER RD,,,STATESBORO,GA,30461,12,15-02-12,,6,5680,,SCF,A,01/21/14
RUBY,KNABB             SR,697 JACK O'NEAL RD,,,UVALDA,GA,30473,12,14-09-08,,6,2010,,SCF,C,09/24/13
BRUNA,CLIFTON,333 CHANDLER AVE,,,REIDSVILLE,GA,30453,12,15-01-23,,6,4520,,SCF,B,01/21/14
PEGGY LAMBERT,MEDIA SPECIALIST,MCHS   701-C DOBBINS ST,,,MT VERNON,GA,30445,ex,,,6,3440,,SCF,C,
B&W USED CARS,,7793 EASTMAN RD,,,SOPERTON,GA,30457,12,14-06-02,,6,4270,,SCF,B,05/21/13
TOMMYS,,303 WESTSIDE HWY,,,STATESBORO,GA,30458,12,14-12-25,,6,5500,,SCF,A,11/19/13
PATRICIA,EDGE,365 N OLD RIVER RD,,,MT VERNON,GA,30445,12,14-06-16,,6,3560,,SCF,C,05/21/13
PREMIER HEATING,& AIR,2025 WHITE SPRINGS RD,,,GLENWOOD,GA,30428,12,14-04-23,,6,5044,,SCF,B,03/18/14
BOBBY,REEVES,,P O BOX,1347,SWAINSBORO,GA,30401,12,14-07-05,,6,5210,,SCF,B,06/18/13
KENNETH,OLIVER            SR,1411 LITTLE FLOCK CHURCH RD,,,COLLINS,GA,30421,24,14-07-04,,6,5135,,SCF,A,
LARRY,WILLIAMSON,,P O BOX,214,UVALDA,GA,30473,12,14-11-15,,6,100,,SCF,B,10/22/13
DONNY,CROSBY,6960 THOMPSON POND RD,,,TARRYTOWN,GA,30470,12,15-02-12,,6,4745,,SCF,C,01/21/14
DOT,KEENE,,P O BOX,425,GLENWOOD,GA,30428,12,15-02-06,,6,5040,,SCF,A,01/21/14
GLORIA,JENKINS,89 BLUEBERRY RIDGE RD,,,REIDSVILLE,GA,30453,12,14-09-25,,6,4566,,SCF,B,
JAMES A,CLARK,22 SANDPIT RD,,,ALAMO,GA,30411,12,14-11-28,,6,5720,,SCF,B,10/22/13
MISS ALA,MCBRIDE           SR,,PO BOX,188,ALSTON,GA,30412,12,14-04-05,,6,3140,,SCF,B,03/18/14
KIM,WILDES,710 CHARLIE WILDES RD,,,CLAXTON,GA,30417,12,14-04-11,,6,5520,,SCF,A,03/18/14
UVALDA CITY DEL,30473     ##########,VIDALIA NEWSPAPERS 30474,########,########,###  B  ############,,,,,,5,5,,0,0,
UVALDA RURAL,ROUTE 2 30473   ####,VIDALIA NEWSPAPERS 30474######,########,########,####  A ############,,,,,,6,260,,0,0,
ALTAMAHA,BANK,,PO BOX,297,UVALDA,GA,30473,12,14-11-20,,6,160,,SCF,B,10/22/13
MCES OFFICE -,PRINCIPAL,900 MLK JR DR,,,AILEY,GA,30410,ex,,,6,3830,,SCF,C,01/19/05
KELLY,HOWELL,748 CONWAY MCDONALD RD,,,TARRYTOWN,GA,30470,12,14-07-01,,6,4781,,SCF,C,
MOSES,GRASS CO,,PO BOX,189,UVALDA,GA,30473,12,14-10-16,594-6690,6,90,,SCF,B,09/24/13
LORI,POWELL,387 LANDSBURG RD,,,GLENWOOD,GA,30428,12,14-03-20,,6,5062,,SCF,B,03/18/14
LOUISE,HITCHCOCK         SR,697 B HITCHCOCK RD,,,UVALDA,GA,30473,12,14-04-18,,6,1020,,SCF,C,03/18/14
KAYE,GOFF,263 DIXON RD,,,UVALDA,GA,30473,12,14-05-13,,6,323,,SCF,C,04/23/13
BILLY P,WILLIAMS          SR,,P O BOX,7,UVALDA,GA,30473,09,15-12-24,,6,10,,SCF,B,02/18/14
REBECCA,DAVIS,,P O BOX,368,UVALDA,GA,30473,12,15-03-21,,6,180,,SCF,B,02/18/14
DORIS,GALBREATH,567 OVID RD,,,AILEY,GA,30410,12,14-04-17,,6,3676,,SCF,C,03/18/14
CARRIS W,EVANS,411 ERICK RD,,,ALAMO,GA,30411,12,15-02-28,,6,5721,,SCF,B,02/18/14
JIMMY,FOUNTAIN,,P O BOX,221,MT VERNON,GA,30445,12,14-05-10,,6,3290,,SCF,B,05/21/13
SCARLETT,LANE              SR,252 W.B. BRADDOCK RD,,,UVALDA,GA,30473,12,14-05-16,,6,751,,SCF,C,05/21/13
KEVIN,MERCER,573 GA HWY 199,,,MT VERNON,GA,30445,12,14-05-01,,6,3600,,SCF,C,
LLOYD,MOSES,,PO BOX,376,UVALDA,GA,30473,12,14-10-26,,6,190,,SCF,B,09/24/13
CHERI,MOCK,1710 CEDAR CROSSING RD,,,UVALDA,GA,30473,12,14-10-16,,6,715,,SCF,C,09/24/13
FRANCES,PRICE,2393 MT VERNON ALSTON RD,,,AILEY,GA,30410,12,14-07-07,583-4412,6,3790,,SCF,C,06/18/13
ALLEN,HAGAN,617 WAVERLY LANE,,,STATESBORO,GA,30458,12,14-05-08,,6,5423,,SCF,B,
KATHRYN,FOWLER,598 SLEEPY HOLLOW,,,SOPERTON,GA,30457,12,15-02-06,,6,4305,,SCF,B,01/21/14
P A,GRACE             SR,993 CEDAR-CROSSING RD,,,UVALDA,GA,30473,12,15-03-01,,6,800,,SCF,C,02/18/14
HORACE,TUCK,,P O BOX,173,MT VERNON,GA,30445,12,14-08-16,,6,3210,,SCF,B,07/18/13
CHANDLER,PETERSON,,P O BOX,68,AILEY,GA,30410,12,15-03-11,,6,4095,,SCF,A,02/18/14
F DEAN,SMITH,1828 N HWY 19,,,GLENWOOD,GA,30428,12,15-02-08,,6,5060,,SCF,B,01/21/14
RAYBON,CLARK             SR,516 CHARLOTTEVILLE RD,,,UVALDA,GA,30473,12,14-08-05,,6,450,,SCF,C,08/20/13
BERNARD,FOSKEY            SR,1436 GIBBS BRIDGE RD,,,UVALDA,GA,30473,12,15-01-04,594-6384,6,3050,,SCF,C,12/19/13
CAROLYN,CURRIE            SR,290 GEORGE DAVIS ROAD,,,UVALDA,GA,30473,12,15-01-15,,6,900,,SCF,C,
JIMMY,BRANTLEY,1716 GEORGE DAVIS RD,,,UVALDA,GA,30473,12,14-07-18,594-6979,6,2090,,SCF,C,06/18/13
MT VERNON RURAL,ROUTE 2 ***********,VIDALIA NEWSPAPERS 30474,********,*******,********************,,,,,,6,3560,,SCF,C,
DEBRA C,OCONNOR,218 BRADDY RD,,,AILEY,GA,30410,12,15-03-22,,6,4010,,SCF,C,02/18/14
JAMES,RICHARDSON        SR,,P O BOX,109,MT VERNON,GA,30445,12,14-12-05,,6,3220,,SCF,B,11/19/13
MIKE,EDGE,735 SHOTGUN RD,,,TARRYTOWN,GA,30470,12,14-12-26,,6,4760,,SCF,C,11/19/13
JONES-SMITH,P C,,PO BOX,296,METTER,GA,30439,12,15-03-15,,6,4980,,SCF,B,02/18/14
FRANK,BRANTLEY,550 N OLD RIVER RD,,,MT VERNON,GA,30445,12,14-06-09,,6,3559,,SCF,C,05/21/13
TRENT,WILLIAMS,1418 T WILLIAMS RD,,,UVALDA,GA,30473,12,14-08-21,,6,2040,,SCF,C,07/18/13
ALLEN,MCDONALD,2265 GA HWY 29,,,TARRYTOWN,GA,30470,12,15-01-08,,6,4765,,SCF,C,
CATHERINE,PARTEN,161 MONTGOMERY ACRES LANE,,,AILEY,GA,30410,12,14-09-09,,6,3880,,SCF,C,08/20/13
ROB ROY,MACGREGOR,3342 GA HWY 135,,,AILEY,GA,30410,12,14-08-12,,6,3725,,SCF,C,07/18/13
JOHN,FUTRAL,,P O BOX,691,ALAMO,GA,30411,12,14-07-21,,6,5452,,SCF,A,06/18/13
BARBARA,HART,MCES LIBRARY,900 MLK,DRIVE,AILEY,GA,30410,ex,,,6,3840,,SCF,C,12/14/04
NANCY MARTIN,AMER. RED CROSS,745 BURTON AVE,,,METTER,GA,30439,ex,,,6,4990,,SCF,B,
SUSAN,DARRELL,,P O BOX,2237,STATESBORO,GA,30459,12,14-10-25,,6,5430,,SCF,A,09/24/13
IRENE,HODGES,,P O BOX,69,AILEY,GA,30410,12,14-08-15,,6,4100,,SCF,B,07/18/13
SCOTT,TAYLOR,612 MCNATT FALLS RD,,,UVALDA,GA,30473,12,14-04-27,,6,350,,SCF,C,03/18/14
BRANDON,BRADDY,755 US HWY 221 N,,,MT VERNON,GA,30445,12,15-02-09,,6,3580,,SCF,C,01/21/14
RONALD,BARNES            SR,675 BROWNING RD,,,AILEY,GA,30410,12,14-04-29,,6,3775,,SCF,C,03/18/14
PEGGY LAMBERT,MCHS LIBRARY,701 C DOBBINS ST,,,MOUNT VERNON,GA,30445,ex,,,6,3420,,SCF,C,08/17/05
EMORY,TURNER,655 SHARPES CEMETERY RD,,,UVALDA,GA,30473,12,15-01-23,,6,2000,,SCF,C,12/19/13
NORMAN,TODD,204 BUD DENTON RD,,,UVALDA,GA,30473,12,14-03-13,,6,400,,SCF,C,03/18/14
DELORIS,WALDEN,1335 MERCER CREEK RD,,,SOPERTON,GA,30457,24,15-04-03,,6,4310,,SCF,B,
MRS GRABLE,HUTCHESON         SR,143 CONE ST HIGGSTON,,,AILEY,GA,30410,12,15-03-25,,6,3870,,SCF,C,02/18/14
SWAINSBORO,####################,VIDALIA NEWSPAPERS 30474 #####,########,########,### B ##############,,,,,,6,4200,,0,0,
JAMES E,DAVIS,,PO BOX,218,UVALDA,GA,30473,12,14-12-22,,6,110,,SCF,B,12/19/13
LUCILLE,WIGGINS           SR,2557 GA HWY 56 W,,,UVALDA,GA,30473,12,15-02-13,,6,659,,SCF,C,02/18/14
KENNETH,THARP,284 GEO DAVIS RD E,,,UVALDA,GA,30473,12,15-01-26,594-8104,6,3020,,SCF,C,12/19/13
EAST GA HEALTH,CARE CENTER,215 N COLEMAN ST,,,SWAINSBORO,GA,30401,12,14-12-16,,6,5220,,SCF,B,11/19/13
MELVIS,DAVIS             SR,763 GEO DAVIS RD,,,UVALDA,GA,30473,12,14-07-01,,6,560,,SCF,C,06/18/13
DORIS,AVERY             SR,57 BELK ST,,,SOPERTON,GA,30457,12,15-02-21,,6,4290,,SCF,B,01/21/14
FOUR-D,INC,2670 CEDAR CROSSING RD,,,UVALDA,GA,30473-4148,12,15-03-10,,6,710,,SCF,C,02/18/14
JOYCE,COTHREN,207 GRIFFIN AVE,,,UVALDA,GA,30473,12,15-02-05,,6,275,,SCF,C,03/18/14
BENNIE,BARFIELD,,P O BOX,1056,REIDSVILLE,GA,30453,12,14-12-18,,6,4640,,SCF,B,11/19/13
BOBBY,REYNOLDS,336 W BRADDOCK RD,,,UVALDA,GA,30473,06,14-09-07,,6,730,,SCF,C,02/18/14
JANICE,HOWLETT,260 S LEWIS ST,,,METTER,GA,30439,12,14-05-01,,6,4961,,SCF,B,
JESSE,PITTMAN,620 CEDAR-CROSSING RD,,,UVALDA,GA,30473,12,14-11-10,,6,820,,SCF,C,10/22/13
JIM,BARNES,809 GA HWY 56,,,UVALDA,GA,30473,12,14-11-11,,6,520,,SCF,C,10/22/13
JOEL,OUTLER,,P O BOX,128,ALSTON,GA,30412,12,14-04-24,,6,3120,,SCF,B,03/18/14
BEVERLY,MCCLELLAN,1428 CONNERS CHURCH RD,,,COBBTOWN,GA,30420,12,15-01-19,,6,5392,,SCF,A,12/19/13
ELLENE,POWELL,763A  MCNATT FALLS RD,,,UVALDA,GA,30473,12,15-01-20,,6,390,,SCF,C,12/19/13
DELORIES,POWELL            SR,315 N BEN ANDERSON ST,,,MT VERNON,GA,30445,12,14-06-10,,6,3555,,SCF,C,05/21/13
MARY,HENDRIX           SR,5407 US HWY 221 S,,,UVALDA,GA,30473,12,15-02-16,,6,280,,SCF,C,02/18/14
LAURA,POWELL,1302 WOODLAND DR,,,SOPERTON,GA,30457,12,14-06-08,,6,4255,,SCF,B,05/21/13
LELAND,ADAMS,2045 SMYRNA ROAD,,,UVALDA,GA,30473,12,14-04-13,,6,315,,SCF,C,03/18/14
SIKES BROTHERS,INCORPORATED,150 ALINE AVE,,,METTER,GA,30439,12,14-10-11,,6,4960,,SCF,B,10/22/13
SUSAN,FOUNTAIN,,P O BOX,361,MOUNT VERNON,GA,30445,12,15-03-11,,6,3345,,SCF,A,02/18/14
DENA,MORGAN,330 LAKESHORE DR,,,MT VERNON,GA,30445,12,14-07-30,,6,3559,,SCF,C,06/18/13
SARA,DAVIS,,P O BOX,2,AILEY,GA,30410,12,14-09-15,,6,4035,,SCF,B,08/20/13
MARY,CLIFTON,892 CLIFTON RD,,,AILEY,GA,30410,12,14-06-16,,6,3878,,SCF,C,05/21/13
ERNESTINE,BAKER,1765 BOB SHARPE RD,,,AILEY,GA,30410,12,15-03-01,,6,3709,,SCF,C,02/18/14
EMILY,TAYLOR,121 CONNELL LANE,,,MT VERNON,GA,30445,12,14-06-23,,6,3623,,SCF,C,05/21/13
JUDGE KATHY,PALMER,,P O BOX,330,SWAINSBORO,GA,30401,12,14-07-14,,6,5214,,SCF,C,06/18/13
WYNDELL,STANDARD,200 ABBIE WILLIAMSON RD,,,SOPERTON,GA,30457,12,14-12-17,,6,4335,,SCF,B,12/19/13
TIMOTHY,WHITE,450 HITCHCOCK RD,,,UVALDA,GA,30473,12,14-07-01,,6,990,,SCF,C,06/18/13
VIRDEAN,WILKES            SR,5420 CEDAR CROSSING RD,,,UVALDA,GA,30473,12,14-07-07,,6,3021,,SCF,C,07/18/13
JERRY,COLSON,511 SAINT ANDREWS CIRCLE,,,STATESBORO,GA,30458,12,15-01-09,,6,5370,,SCF,B,12/19/13
DANIEL B,MCKEY,GDC #1000481743      SMITH TC,P O BOX,869,CLAXTON,GA,30417,12,14-06-05,,6,5509,,SCF,A,
EMMA,HAYMONS,341 HACKBRANCH RD,,,AILEY,GA,30410,12,14-06-16,,6,3664,,SCF,C,05/21/13
BRENDA,GRUENEWALD,1101 TURF ROAD,,,STATESBORO,GA,30458,12,15-02-12,,6,5421,,SCF,B,
VIVIAN,WEST,870 TROY JARRIEL RD,,,COLLINS,GA,30421,12,14-10-04,,6,5155,,SCF,A,09/24/13
WENDELL,LYNN,2130 CEDAR CREEK CHURCH RD,,,COLLINS,GA,30421,12,15-02-01,,6,5150,,SCF,A,01/21/14
RUTH,CLANTON,,P O BOX,339,COBBTOWN,GA,30420,12,15-01-16,,6,5394,,SCF,A,12/19/13
BETTY,PATRICK           SR,,PO BOX,695,MT VERNON,GA,30445-9746,12,14-05-02,583-4245,6,3346,,SCF,B,04/23/13
W D,LOVE              SR,1422 TROUPES TOOMB RD,,,SOPERTON,GA,30457,12,14-12-14,,6,4295,,SCF,B,11/19/13
PRESTON,FOSKEY            SR,3877 HWY 56W,,,UVALDA,GA,30473,12,14-05-12,,6,570,,SCF,C,04/23/13
VONNIE,BAILEY,1179 HWY 196,,,GLENNVILLE,GA,30427,12,15-03-10,,6,5560,,SCF,A,02/18/14
BETTY,CAVES             SR,2195 CEDAR CROSSING RD,,,UVALDA,GA,30473,12,14-07-24,,6,714,,SCF,C,
TARRYTOWN RURAL,ROUTE 1  ***********,VIDALIA NEWSPAPERS 30474,********,********,********************,,,,,,6,4700,,0,0,
SAMMY,SANDERS,,P O BOX,165,UVALDA,GA,30473,06,14-03-26,,6,63,,SCF,B,03/18/14
THOMAS,PETERSON,,P O BOX,7,AILEY,GA,30410,12,15-02-08,,6,4038,,SCF,B,01/21/14
WALTER C,BUTTON,1485 DEAD RIVER RD,,,UVALDA,GA,30473,12,14-06-23,,6,483,,SCF,C,05/21/13
BARRY,MCDONALD,4583 GA HWY 29,,,TARRYTOWN,GA,30470,12,14-07-07,,6,4763,,SCF,C,06/18/13
B A,SIMONS,,P O BOX,256,SOPERTON,GA,30457,12,14-09-05,,6,4235,,SCF,B,08/20/13
SWAINSBORO,####################,VIDALIA NEWSPAPERS 30474 #####,########,########,#### C  ############,GA,,,,,6,4690,,0,0,
HUGH,GRACE             SR,974 CEDAR CROSSING RD,,,UVALDA,GA,30473,12,15-03-26,,6,810,,SCF,C,02/18/14
HAYWARD,ALTMAN,DISTRICT ATTORNEY,P O BOX,590,SWAINSBORO,GA,30401,12,15-03-11,,6,5215,,SCF,A,02/18/14
ROBERT,HUTCHESON,460 MILL BRANCH RD,,,COLLINS,GA,30421,24,14-11-14,,6,5125,,SCF,A,
MADELINE,CLEMENTS,417 E MAIN ST,,,UVALDA,GA,30473,12,15-02-19,,6,3080,,SCF,C,
JOHN,CASON,,PO BOX,24,UVALDA,GA,30473,12,15-03-08,,6,30,,SCF,B,02/18/14
CLETA BETH,CORLEY            SR,139 ESTER AVE,,,REIDSVILLE,GA,30453,12,14-09-01,,6,4515,,SCF,B,08/20/13
GARY,TOOLE,2687 GA HWY 56,,,UVALDA,GA,30473,12,14-08-21,,6,620,,SCF,C,08/20/13
CHRISTINE,LOWE,,PO BOX,492,UVALDA,GA,30473,12,14-10-12,,6,210,,SCF,B,09/24/13
EDWIN,SHARPE            SR,3083 GA HWY 135,,,AILEY,GA,30410,12,14-08-17,,6,3680,,SCF,C,07/18/13
EAST CENTRAL,GA DRUG,TASK FORCE,PO BOX,1110,SWAINSBORO,GA,30401-1110,12,15-01-09,,6,5250,,SCF,B,12/19/13
KAY,CLAXTON           SR,4828 THOMPSON POND RD,,,TARRYTOWN,GA,30470,12,15-02-18,,6,4815,,SCF,C,01/21/14
LUCINDY,HIGHTOWER,4142 THOMPSON POND RD,,,TARRYTOWN,GA,30470,12,14-11-15,537-4972,6,4805,,SCF,C,10/22/13
JOINER LOAN,CO,,P O BOX,368,GLENWOOD,GA,30428,12,15-01-12,,6,5020,,SCF,B,12/19/13
SONNY,KOSKI,,P O BOX,533,MT VERNON,GA,30445,12,14-07-21,,6,3347,,SCF,C,06/18/13
ROY,DARLEY            SR,901 CONAWAY-MCDONALD ROAD,,,TARRYTOWN,GA,30470,10,14-11-07,,6,4790,,SCF,C,12/19/13
ALTAMOND,WILLIAMS,93 ALTAMOND WILLIAMS LN,,,COLLINS,GA,30421,12,14-08-16,,6,5180,,SCF,A,07/18/13
MARY,WILLIAMS          SR,806 GEORGE DAVIS RD,,,UVALDA,GA,30473,12,14-03-21,,6,565,,SCF,C,03/18/14
JANICE,ETHEREDGE,,P O BOX,8,MT VERNON,GA,30445,12,14-08-21,,6,3190,,SCF,B,
FLORA B,CONNELL,2684 US HWY 221 N,,,MT VERNON,GA,30445,12,15-02-04,,6,3630,,SCF,C,01/21/14
MELBA S,CLAXTON,,PO BOX,28,AILEY,GA,30410,12,15-03-11,,6,4050,,SCF,B,02/18/14
VIRGINIA,JOYCE,1201 PETROSS RD,,,AILEY,GA,30410,12,14-10-30,,6,3700,,SCF,C,10/22/13
CARLENE,MCBRIDE,357 E CHURCH ST,,,MT VERNON,GA,30445,12,15-02-08,,6,3449,,SCF,C,01/21/14
UVALDA RURAL,RT 1-A  ***********,VIDALIA NEWSPAPERS 30474,********,********,***** B ************,,,,,,6,910,,0,0,
TATTNALL CO,LIBRARY,129 TATTNALL ST,,,REIDSVILLE,GA,30453,ex,,,6,4685,,SCF,B,
MONTGOMERY CTY,ELEM SCHOOL,LIBRARY C/O BARBARA HART,900 MLK,DRIVE,AILEY,GA,30410,ex,,,6,3840,,SCF,C,09/16/09
MARTHA,ROTUNDO,2304 S OLD RIVER RD,,,UVALDA,GA,30473,12,14-10-03,,6,490,,SCF,C,09/24/13
DIANE,COX,7232 THOMPSON POND RD,,,TARRYTOWN,GA,30470,12,14-03-20,,6,4740,,SCF,C,03/18/14
HUGH,PETERSON,,PO BOX,39,AILEY,GA,30410,12,14-08-21,,6,4080,,SCF,B,07/18/13
LEHMAN,FRANKLIN,,P O BOX,1064,STATESBORO,GA,30459,12,14-09-19,,6,5429,,SCF,A,08/20/13
JERRY,CANTRELL,1628 MT VERNON/ALSTON HWY,,,AILEY,GA,30410,12,14-12-13,,6,3810,,SCF,C,11/19/13
GAIL,MEADOWS,,P O BOX,403,UVALDA,GA,30473,12,15-02-28,,6,200,,SCF,B,02/18/14
J RANDY,THOMPSON          SR,1216 COLUMBUS DR,,,STATESBORO,GA,30458,12,15-01-14,,6,5480,,SCF,B,12/19/13
